{
  "stats": {
    "suites": 2,
    "tests": 31,
    "passes": 31,
    "pending": 0,
    "failures": 0,
    "start": "2021-07-12T14:06:43.478Z",
    "end": "2021-07-12T14:10:40.260Z",
    "duration": 236782,
    "testsRegistered": 31,
    "passPercent": 100,
    "pendingPercent": 0,
    "other": 0,
    "hasOther": false,
    "skipped": 0,
    "hasSkipped": false,
    "passPercentClass": "success",
    "pendingPercentClass": "danger"
  },
  "suites": {
    "uuid": "7ec34ff4-e0aa-46bd-8055-4e2b6af00702",
    "title": "",
    "fullFile": "",
    "file": "",
    "beforeHooks": [],
    "afterHooks": [],
    "tests": [],
    "suites": [
      {
        "uuid": "1e3e9f63-2722-4ea9-9c94-e259d05b945d",
        "title": "@Requests-Log",
        "fullFile": "/Users/felicianot/Projects/annual-leave-fe/e2e/features/6-requests-log.e2e-spec.js",
        "file": "/e2e/features/6-requests-log.e2e-spec.js",
        "beforeHooks": [
          {
            "title": "\"before all\" hook: codeceptjs.beforeSuite",
            "fullTitle": "@Requests-Log \"before all\" hook: codeceptjs.beforeSuite",
            "timedOut": false,
            "duration": 5701,
            "pass": false,
            "fail": false,
            "pending": false,
            "code": "scenario.suiteSetup(suite)",
            "err": {},
            "isRoot": false,
            "uuid": "8b46dabd-10e5-404b-9614-f3e9736eb188",
            "isHook": true,
            "skipped": false
          },
          {
            "title": "\"before all\" hook: BeforeSuite",
            "fullTitle": "@Requests-Log \"before all\" hook: BeforeSuite",
            "timedOut": false,
            "duration": 4732,
            "pass": false,
            "fail": false,
            "pending": false,
            "code": "await DB.presetRequestsLog(true);\nI.loginWithCookie(await I.getAuthCookie());",
            "err": {},
            "isRoot": false,
            "uuid": "00c61701-66a9-4888-b902-d2dffd63e62e",
            "isHook": true,
            "skipped": false
          },
          {
            "title": "\"before each\" hook: codeceptjs.before",
            "fullTitle": "@Requests-Log \"before each\" hook: codeceptjs.before",
            "timedOut": false,
            "duration": 0,
            "pass": false,
            "fail": false,
            "pending": false,
            "code": "scenario.setup(suite)",
            "err": {},
            "isRoot": false,
            "uuid": "7a35676f-64b2-44c1-b2e1-0b4ca5a5a1a4",
            "isHook": true,
            "skipped": false
          },
          {
            "title": "\"before each\" hook: Before",
            "fullTitle": "@Requests-Log \"before each\" hook: Before",
            "timedOut": false,
            "duration": 6387,
            "pass": false,
            "fail": false,
            "pending": false,
            "code": "I.amOnPage('/requests-log');",
            "err": {},
            "isRoot": false,
            "uuid": "f106428f-c151-40c8-86c7-8a7a86ebe141",
            "isHook": true,
            "skipped": false
          }
        ],
        "afterHooks": [
          {
            "title": "\"after all\" hook: AfterSuite",
            "fullTitle": "@Requests-Log \"after all\" hook: AfterSuite",
            "timedOut": false,
            "duration": 546,
            "pass": false,
            "fail": false,
            "pending": false,
            "code": "await DB.resetRequestsLog(true);\nI.clearCookies();",
            "err": {},
            "isRoot": false,
            "uuid": "1af1d0e9-cc23-4119-a382-d53054fd7633",
            "isHook": true,
            "skipped": false
          },
          {
            "title": "\"after all\" hook: codeceptjs.afterSuite",
            "fullTitle": "@Requests-Log \"after all\" hook: codeceptjs.afterSuite",
            "timedOut": false,
            "duration": 1,
            "pass": false,
            "fail": false,
            "pending": false,
            "code": "scenario.suiteTeardown(suite)",
            "err": {},
            "isRoot": false,
            "uuid": "38a6c3c0-3764-4d69-9614-71f4e09bbdf9",
            "isHook": true,
            "skipped": false
          },
          {
            "title": "\"after each\" hook: finalize codeceptjs",
            "fullTitle": "@Requests-Log \"after each\" hook: finalize codeceptjs",
            "timedOut": false,
            "duration": 506,
            "pass": false,
            "fail": false,
            "pending": false,
            "code": "scenario.teardown(suite)",
            "err": {},
            "isRoot": false,
            "uuid": "b21d0141-bb18-42d4-b9e0-cfc085d64fa5",
            "isHook": true,
            "skipped": false
          }
        ],
        "tests": [
          {
            "title": "Default filter values",
            "fullTitle": "@Requests-Log: Default filter values",
            "timedOut": false,
            "duration": 68,
            "state": "passed",
            "speed": "medium",
            "pass": true,
            "fail": false,
            "pending": false,
            "code": "I.seeInField(RequestsLog.fields.base.input, Bases.ACE);\nI.see(Ranks.CP, RequestsLog.fields.rank);\nI.see(RequestsLog.filters.ALL, RequestsLog.fields.contractType);\nI.see(RequestsLog.filters.ALL, RequestsLog.fields.group);\nI.seeInField(RequestsLog.fields.contractCode.input, RequestsLog.filters.ALL);\nI.seeInField(RequestsLog.fields.seniorityCode, RequestsLog.filters.ALL);\nI.see(I.capitalize(States.PENDING), RequestsLog.fields.state);",
            "err": {},
            "isRoot": false,
            "uuid": "b1d6263a-588f-483d-ae97-5be1ac314d36",
            "isHook": false,
            "skipped": false
          },
          {
            "title": "Shows no request message when there are no requests",
            "fullTitle": "@Requests-Log: Shows no request message when there are no requests",
            "timedOut": false,
            "duration": 3055,
            "state": "passed",
            "speed": "slow",
            "pass": true,
            "fail": false,
            "pending": false,
            "code": "I.fillAutocomplete(RequestsLog.fields.base.container, Bases.POZ);\nI.see(RequestsLog.strings.noRequests, RequestsLog.table.noItems);",
            "err": {},
            "isRoot": false,
            "uuid": "c0145b85-b793-4d57-bb98-bff6f3fd8189",
            "isHook": false,
            "skipped": false
          },
          {
            "title": "Able to select a different base",
            "fullTitle": "@Requests-Log: Able to select a different base",
            "timedOut": false,
            "duration": 2907,
            "state": "passed",
            "speed": "slow",
            "pass": true,
            "fail": false,
            "pending": false,
            "code": "I.dontSee(CrewCodes.CAJOSE);\nI.fillAutocomplete(RequestsLog.fields.base.container, Bases.MAD);\nI.waitForElement(RequestsLog.table.row);\nI.see(CrewCodes.CAJOSE, RequestsLog.table.columns.crewCode);",
            "err": {},
            "isRoot": false,
            "uuid": "ad07a1bc-dd7f-4273-a0a8-9f2e4ce69ea2",
            "isHook": false,
            "skipped": false
          },
          {
            "title": "Able to select a different rank",
            "fullTitle": "@Requests-Log: Able to select a different rank",
            "timedOut": false,
            "duration": 2109,
            "state": "passed",
            "speed": "slow",
            "pass": true,
            "fail": false,
            "pending": false,
            "code": "I.dontSee(CrewCodes.SANCHA);\nI.switchToRank(Ranks.FO);\nI.waitForElement(RequestsLog.table.row);\nI.see(CrewCodes.SANCHA, RequestsLog.table.columns.crewCode);",
            "err": {},
            "isRoot": false,
            "uuid": "d0beb472-8937-47ee-a8dc-763e629e58f1",
            "isHook": false,
            "skipped": false
          },
          {
            "title": "Shows crewdock id, start date, end date, working days, state, submission date,contract code, remaining days and actions",
            "fullTitle": "@Requests-Log: Shows crewdock id, start date, end date, working days, state, submission date,contract code, remaining days and actions",
            "timedOut": false,
            "duration": 41,
            "state": "passed",
            "speed": "medium",
            "pass": true,
            "fail": false,
            "pending": false,
            "code": "I.waitForElement(RequestsLog.table.row);\nI.onlySeePattern(\n  RequestsLog.regex.crewCode,\n  RequestsLog.table.columns.crewCode\n);\nI.onlySeePattern(\n  RequestsLog.regex.date,\n  RequestsLog.table.columns.dateFrom\n);\nI.onlySeePattern(RequestsLog.regex.date, RequestsLog.table.columns.dateTo);\nI.onlySeePattern(\n  RequestsLog.regex.remainingDays,\n  RequestsLog.table.columns.workingDays\n);\nI.see(I.upperCase(States.PENDING), RequestsLog.table.columns.state);\nI.onlySeePattern(\n  RequestsLog.regex.date,\n  RequestsLog.table.columns.createdAt\n);\nI.seeElement(RequestsLog.table.columns.contractCode);\nI.seeElement(RequestsLog.table.columns.seniorityCode);\nI.seeElement(RequestsLog.table.columns.remainingDays);\nI.seeElement(RequestsLog.buttons.approve);\nI.seeElement(RequestsLog.buttons.reject);",
            "err": {},
            "isRoot": false,
            "uuid": "cd7058de-04cd-40b8-a2bf-8b95d59f51bd",
            "isHook": false,
            "skipped": false
          },
          {
            "title": "Able to filter by crewdock id",
            "fullTitle": "@Requests-Log: Able to filter by crewdock id",
            "timedOut": false,
            "duration": 2950,
            "state": "passed",
            "speed": "slow",
            "pass": true,
            "fail": false,
            "pending": false,
            "code": "I.waitForElement(RequestsLog.table.row);\nI.see(CrewCodes.LAIDAL);\nI.fillAutocomplete(RequestsLog.fields.crewCode.container, CrewCodes.MARGNE);\nI.waitForElement(RequestsLog.table.row);\nI.onlySeePattern(CrewCodes.MARGNE, RequestsLog.table.columns.crewCode);",
            "err": {},
            "isRoot": false,
            "uuid": "e5b5c582-405e-4920-8caa-1e81f2c60c88",
            "isHook": false,
            "skipped": false
          },
          {
            "title": "Able to filter by status",
            "fullTitle": "@Requests-Log: Able to filter by status",
            "timedOut": false,
            "duration": 2228,
            "state": "passed",
            "speed": "slow",
            "pass": true,
            "fail": false,
            "pending": false,
            "code": "I.waitForElement(RequestsLog.table.row);\nI.see(I.capitalize(States.PENDING), RequestsLog.fields.state);\nRequestsLog.switchToState(States.APPROVED);\nI.waitForText(I.capitalize(States.APPROVED), RequestsLog.table.columns.state);\nRequestsLog.switchToState(States.REJECTED);\nI.waitForText(I.capitalize(States.REJECTED), RequestsLog.table.columns.state);",
            "err": {},
            "isRoot": false,
            "uuid": "047555c4-1b90-4968-ac77-689cbc72ce13",
            "isHook": false,
            "skipped": false
          },
          {
            "title": "Able to navigate between pages and check details of request in second page",
            "fullTitle": "@Requests-Log: Able to navigate between pages and check details of request in second page",
            "timedOut": false,
            "duration": 10587,
            "state": "passed",
            "speed": "slow",
            "pass": true,
            "fail": false,
            "pending": false,
            "code": "const base = await DB.getBaseWithLeavesInState(\n  States.APPROVED,\n  Ranks.CP,\n  55\n);\nif (base) {\n  I.fillAutocomplete(RequestsLog.fields.base.container, base);\n  RequestsLog.switchToState(States.APPROVED);\n  I.waitForInvisible(RequestsLog.table.loader);\n  I.waitForText(\n    I.capitalize(States.APPROVED),\n    RequestsLog.table.columns.state\n  );\n  // Go to second page:\n  I.click(RequestsLog.table.pagination.nextPageButton);\n  I.waitForText(\n    RequestsLog.table.pagination.secondPageRangeFrom,\n    RequestsLog.viewPaintDelay,\n    RequestsLog.table.pagination.pageRange\n  );\n  I.waitForInvisible(RequestsLog.table.loader);\n  // Check leaves details:\n  I.click(RequestsLog.fields.multiBaseIcon);\n  I.waitForElement(RequestsLog.table.requestDetailsDiv);\n  I.see(\n    RequestsLog.table.pagination.secondPageRangeFrom,\n    RequestsLog.table.pagination.pageRange\n  );\n  // I go back to the first page:\n  I.click(RequestsLog.table.pagination.firstPageButton);\n  I.see(\n    RequestsLog.table.pagination.firstPageRangeFrom,\n    RequestsLog.table.pagination.pageRange\n  );\n  I.waitForInvisible(RequestsLog.table.loader);\n}",
            "err": {},
            "isRoot": false,
            "uuid": "7d4a6aff-6324-44e0-ad17-97a930d0556a",
            "isHook": false,
            "skipped": false
          },
          {
            "title": "Able to cancel the creation of a request",
            "fullTitle": "@Requests-Log: Able to cancel the creation of a request",
            "timedOut": false,
            "duration": 1109,
            "state": "passed",
            "speed": "slow",
            "pass": true,
            "fail": false,
            "pending": false,
            "code": "I.click(RequestsLog.buttons.createRequest);\nI.seeModal(\n  RequestsLog.modals.createRequest.container,\n  RequestsLog.modals.createRequest.config\n);\nI.clickModalButton(Modal.container, RequestsLog.modals.buttons.cancel);\nI.dontSeeElement(Modal.container);",
            "err": {},
            "isRoot": false,
            "uuid": "b34657f5-52e6-419f-8601-dde00d43e9b0",
            "isHook": false,
            "skipped": false
          },
          {
            "title": "Able to filter by DELETED state",
            "fullTitle": "@Requests-Log: Able to filter by DELETED state",
            "timedOut": false,
            "duration": 1142,
            "state": "passed",
            "speed": "slow",
            "pass": true,
            "fail": false,
            "pending": false,
            "code": "RequestsLog.switchToState(States.DELETED);\nI.waitForElement(RequestsLog.table.row);\n// Check that we can see 'DELETED' entries and no other:\nI.see(I.upperCase(States.DELETED), RequestsLog.table.columns.state);\nI.dontSee(I.upperCase(States.APPROVED), RequestsLog.table.columns.state);\nI.dontSee(I.upperCase(States.PENDING), RequestsLog.table.columns.state);\nI.dontSee(I.upperCase(States.REJECTED), RequestsLog.table.columns.state);",
            "err": {},
            "isRoot": false,
            "uuid": "de10deea-4c15-4b3c-b408-52e796eaa10b",
            "isHook": false,
            "skipped": false
          },
          {
            "title": "Able to clean filters",
            "fullTitle": "@Requests-Log: Able to clean filters",
            "timedOut": false,
            "duration": 15559,
            "state": "passed",
            "speed": "slow",
            "pass": true,
            "fail": false,
            "pending": false,
            "code": "I.switchToRank(Ranks.FO);\nI.fillAutocomplete(RequestsLog.fields.base.container, Bases.POZ);\nRequestsLog.switchToContractType(ContractTypes.CONTRACTOR);\nI.fillAutocomplete(RequestsLog.fields.crewCode.container, CrewCodes.DHA);\nawait I.setDate(Dates.raw.today, RequestsLog.fields.dateFrom);\nawait I.setDate(Dates.raw.today, RequestsLog.fields.dateTo);\nawait I.setDate(Dates.raw.today, RequestsLog.fields.createdAtFrom);\nawait I.setDate(Dates.raw.today, RequestsLog.fields.createdAtTo);\nI.click(RequestsLog.buttons.filtersReset);\nI.see(RequestsLog.filters.ALL, RequestsLog.fields.contractType);\nI.dontSeeInField(RequestsLog.fields.crewCode.input, CrewCodes.DHA);\nI.dontSeeInField(\n  RequestsLog.fields.dateFrom,\n  I.formatDateLong(Dates.raw.today)\n);\nI.dontSeeInField(\n  RequestsLog.fields.dateTo,\n  I.formatDateLong(Dates.raw.today)\n);\nI.dontSeeInField(\n  RequestsLog.fields.createdAtFrom,\n  I.formatDateLong(Dates.raw.today)\n);\nI.dontSeeInField(\n  RequestsLog.fields.createdAtTo,\n  I.formatDateLong(Dates.raw.today)\n);",
            "err": {},
            "isRoot": false,
            "uuid": "d0b9d554-36bb-4946-9831-4a1ca3d76b72",
            "isHook": false,
            "skipped": false
          },
          {
            "title": "Able to filter by contract code",
            "fullTitle": "@Requests-Log: Able to filter by contract code",
            "timedOut": false,
            "duration": 5544,
            "state": "passed",
            "speed": "slow",
            "pass": true,
            "fail": false,
            "pending": false,
            "code": "I.seeInField(RequestsLog.fields.contractCode.input, RequestsLog.filters.ALL);\nI.fillAutocomplete(\n  RequestsLog.fields.contractCode.container,\n  ContractCodes.F54C\n);\nI.onlySeePattern(\n  I.exclusivePattern(ContractCodes.F54C),\n  RequestsLog.table.columns.contractCode\n);\nI.fillAutocomplete(\n  RequestsLog.fields.contractCode.container,\n  ContractCodes.F54\n);\nI.onlySeePattern(\n  I.exclusivePattern(ContractCodes.F54),\n  RequestsLog.table.columns.contractCode\n);",
            "err": {},
            "isRoot": false,
            "uuid": "56d5e298-71e2-42c5-8ed8-130799b32f9f",
            "isHook": false,
            "skipped": false
          },
          {
            "title": "Able to filter by group",
            "fullTitle": "@Requests-Log: Able to filter by group",
            "timedOut": false,
            "duration": 4176,
            "state": "passed",
            "speed": "slow",
            "pass": true,
            "fail": false,
            "pending": false,
            "code": "I.see(RequestsLog.filters.ALL, RequestsLog.fields.group);\nRequestsLog.switchToGroup(Groups.A);\nI.onlySeePattern(\n  I.exclusivePattern(Groups.A),\n  RequestsLog.table.columns.group\n);\nRequestsLog.switchToGroup(Groups.C);\nI.onlySeePattern(\n  I.exclusivePattern(Groups.C),\n  RequestsLog.table.columns.group\n);",
            "err": {},
            "isRoot": false,
            "uuid": "24f885d9-715a-427e-b5df-34910f205a5f",
            "isHook": false,
            "skipped": false
          },
          {
            "title": "Able to filter by contract type",
            "fullTitle": "@Requests-Log: Able to filter by contract type",
            "timedOut": false,
            "duration": 6334,
            "state": "passed",
            "speed": "slow",
            "pass": true,
            "fail": false,
            "pending": false,
            "code": "// The table doesn't display if the requester is a Contractor or an Employee.\n// To test the behaviour then, we use the crewcodes displayed when each filter\n// is applied.\nlet crewCodes;\nI.see(RequestsLog.filters.ALL, RequestsLog.fields.contractType);\nRequestsLog.switchToContractType(ContractTypes.CONTRACTOR);\ncrewCodes = await I.grabTextFrom(RequestsLog.table.columns.crewCode);\nRequestsLog.switchToContractType(ContractTypes.EMPLOYEE);\nI.dontSee(crewCodes[0], RequestsLog.table.columns.crewCode);\ncrewCodes = await I.grabTextFrom(RequestsLog.table.columns.crewCode);\nRequestsLog.switchToContractType(ContractTypes.CONTRACTOR);\nI.dontSee(crewCodes[0], RequestsLog.table.columns.crewCode);",
            "err": {},
            "isRoot": false,
            "uuid": "01dad6d3-225e-4f8c-bd6f-e32e47288548",
            "isHook": false,
            "skipped": false
          },
          {
            "title": "Able to filter by leave type",
            "fullTitle": "@Requests-Log: Able to filter by leave type",
            "timedOut": false,
            "duration": 4244,
            "state": "passed",
            "speed": "slow",
            "pass": true,
            "fail": false,
            "pending": false,
            "code": "RequestsLog.switchToLeaveType(LeaveTypes.ROSTERING.BLOCK.name);\nI.onlySeePattern(\n  RequestsLog.regex.priority,\n  RequestsLog.table.columns.priority\n);\nRequestsLog.switchToLeaveType(LeaveTypes.ROSTERING.STANDARD.name);\nI.onlySeePattern(RequestsLog.regex.empty, RequestsLog.table.columns.priority);",
            "err": {},
            "isRoot": false,
            "uuid": "5f2cb8bd-e718-4caf-abd5-a8cea8b6e5b0",
            "isHook": false,
            "skipped": false
          },
          {
            "title": "Able to export requests",
            "fullTitle": "@Requests-Log: Able to export requests",
            "timedOut": false,
            "duration": 2164,
            "state": "passed",
            "speed": "slow",
            "pass": true,
            "fail": false,
            "pending": false,
            "code": "I.click(RequestsLog.buttons.exportRequests);\nI.waitForElement(RequestsLog.modals.exportRequests.container);\nI.see(Dates.year.current, RequestsLog.modals.exportRequests.fields.year);\nRequestsLog.switchToYear(Dates.year.next);\nI.clickModalButton(Modal.container, RequestsLog.modals.buttons.confirm);\nI.waitForElement(RequestsLog.elements.toast);\nI.see(RequestsLog.strings.exportRequestsSuccess, RequestsLog.elements.toast);",
            "err": {},
            "isRoot": false,
            "uuid": "f463260a-0774-4b60-b4be-e604ee3f654f",
            "isHook": false,
            "skipped": false
          },
          {
            "title": "Able to filter by start submission date",
            "fullTitle": "@Requests-Log: Able to filter by start submission date",
            "timedOut": false,
            "duration": 1175,
            "state": "passed",
            "speed": "slow",
            "pass": true,
            "fail": false,
            "pending": false,
            "code": "await I.setDate(Dates.raw.today, RequestsLog.fields.createdAtFrom);\nI.dontSeeInField(RequestsLog.fields.createdAtFrom, Dates.long.yesterday);",
            "err": {},
            "isRoot": false,
            "uuid": "875ae45a-f60e-4c63-8a4a-cf0337d53f07",
            "isHook": false,
            "skipped": false
          },
          {
            "title": "Able to filter by end submission date",
            "fullTitle": "@Requests-Log: Able to filter by end submission date",
            "timedOut": false,
            "duration": 1148,
            "state": "passed",
            "speed": "slow",
            "pass": true,
            "fail": false,
            "pending": false,
            "code": "await I.setDate(Dates.raw.yesterday, RequestsLog.fields.createdAtTo);\nI.dontSeeInField(RequestsLog.fields.createdAtTo, Dates.long.today);",
            "err": {},
            "isRoot": false,
            "uuid": "ce26b2fa-00a4-40e8-9735-2555d92c9217",
            "isHook": false,
            "skipped": false
          },
          {
            "title": "Able to approve a request",
            "fullTitle": "@Requests-Log: Able to approve a request",
            "timedOut": false,
            "duration": 2056,
            "state": "passed",
            "speed": "slow",
            "pass": true,
            "fail": false,
            "pending": false,
            "code": "I.click(RequestsLog.buttons.approve);\nI.waitForElement(RequestsLog.modals.elements.header);\nI.wait(RequestsLog.viewPaintDelay);\nconst title = await I.grabTextFrom(RequestsLog.modals.elements.header);\nif (title === RequestsLog.modals.strings.notEnoughDays) {\n  I.click(RequestsLog.modals.buttons.close);\n} else if (title === RequestsLog.modals.strings.addComment) {\n  RequestsLog.addModalComment();\n} else {\n  I.click(RequestsLog.modals.buttons.cancel);\n}",
            "err": {},
            "isRoot": false,
            "uuid": "e481f880-95fa-4372-a2be-3b5d1c691811",
            "isHook": false,
            "skipped": false
          },
          {
            "title": "Able to reject a request",
            "fullTitle": "@Requests-Log: Able to reject a request",
            "timedOut": false,
            "duration": 1074,
            "state": "passed",
            "speed": "slow",
            "pass": true,
            "fail": false,
            "pending": false,
            "code": "I.waitForElement(RequestsLog.buttons.reject);\nI.click(RequestsLog.buttons.reject);\nI.waitForElement(RequestsLog.modals.elements.header);\nconst title = await I.grabTextFrom(RequestsLog.modals.elements.header);\nif (title === RequestsLog.modals.strings.addComment) {\n  RequestsLog.addModalComment();\n} else {\n  I.click(RequestsLog.modals.buttons.cancel);\n}",
            "err": {},
            "isRoot": false,
            "uuid": "1691cce9-e090-43bc-aa77-e3c21ed012da",
            "isHook": false,
            "skipped": false
          },
          {
            "title": "Able to create a request",
            "fullTitle": "@Requests-Log: Able to create a request",
            "timedOut": false,
            "duration": 6341,
            "state": "passed",
            "speed": "slow",
            "pass": true,
            "fail": false,
            "pending": false,
            "code": "I.click(RequestsLog.buttons.createRequest);\nI.seeModal(\n  RequestsLog.modals.createRequest.container,\n  RequestsLog.modals.createRequest.config\n);\nI.fillAutocomplete(\n  RequestsLog.modals.createRequest.fields.crewCode,\n  CrewCodes.LAIDAL\n);\nawait I.setDate(\n  Dates.raw.today,\n  RequestsLog.modals.createRequest.fields.dateFrom\n);\nawait I.setDate(\n  Dates.raw.today,\n  RequestsLog.modals.createRequest.fields.dateTo\n);\nI.clickModalButton(\n  Modal.container,\n  RequestsLog.modals.buttons.confirm,\n  false\n);\nI.waitForElement(RequestsLog.modals.elements.error);",
            "err": {},
            "isRoot": false,
            "uuid": "9d9a3d0f-b588-44e8-b760-e2c780c1c91e",
            "isHook": false,
            "skipped": false
          },
          {
            "title": "Able to resend approval e-mails",
            "fullTitle": "@Requests-Log: Able to resend approval e-mails",
            "timedOut": false,
            "duration": 5956,
            "state": "passed",
            "speed": "slow",
            "pass": true,
            "fail": false,
            "pending": false,
            "code": "const base = await DB.getBaseWithLeavesInState(States.APPROVED);\nI.fillAutocomplete(RequestsLog.fields.base.container, base);\nRequestsLog.switchToState(States.APPROVED);\nI.waitForInvisible(RequestsLog.table.loader);\nI.click(RequestsLog.buttons.resendEmail);\nI.waitForText(RequestsLog.strings.emailSent);",
            "err": {},
            "isRoot": false,
            "uuid": "d7868c74-953f-411f-80ea-67a3f59e7cd4",
            "isHook": false,
            "skipped": false
          },
          {
            "title": "Able to select crewcode for request creation after using it for filtering",
            "fullTitle": "@Requests-Log: Able to select crewcode for request creation after using it for filtering",
            "timedOut": false,
            "duration": 5537,
            "state": "passed",
            "speed": "slow",
            "pass": true,
            "fail": false,
            "pending": false,
            "code": "I.fillAutocomplete(RequestsLog.fields.crewCode.container, CrewCodes.LAIDAL);\nI.click(RequestsLog.buttons.createRequest);\nI.seeModal(\n  RequestsLog.modals.createRequest.container,\n  RequestsLog.modals.createRequest.config\n);\nI.fillAutocomplete(\n  RequestsLog.modals.createRequest.fields.crewCode,\n  CrewCodes.LAIDAL,\n  true\n);\nconst base = await I.grabValueFrom(\n  RequestsLog.modals.createRequest.fields.base\n);\nawait I.seeTextWithLength(base, 3);",
            "err": {},
            "isRoot": false,
            "uuid": "5e62e96b-a825-4262-b5ba-002fc81b40a7",
            "isHook": false,
            "skipped": false
          },
          {
            "title": "Clearing create request modal crewcode clears the base",
            "fullTitle": "@Requests-Log: Clearing create request modal crewcode clears the base",
            "timedOut": false,
            "duration": 3971,
            "state": "passed",
            "speed": "slow",
            "pass": true,
            "fail": false,
            "pending": false,
            "code": "// Open the modal:\nI.click(RequestsLog.buttons.createRequest);\nI.seeModal(\n  RequestsLog.modals.createRequest.container,\n  RequestsLog.modals.createRequest.config\n);\n// Fill crewcode and check that base was filled:\nI.fillAutocomplete(\n  RequestsLog.modals.createRequest.fields.crewCode,\n  CrewCodes.LAIDAL\n);\nconst baseBefore = await I.grabValueFrom(\n  RequestsLog.modals.createRequest.fields.base\n);\nawait I.seeTextWithLength(baseBefore, 3);\n// Clear the crewcode and check that the base was cleared:\nI.click(RequestsLog.modals.createRequest.buttons.clearCrewCode);\nconst baseAfter = await I.grabValueFrom(\n  RequestsLog.modals.createRequest.fields.base\n);\nawait I.seeTextWithLength(baseAfter, 0);",
            "err": {},
            "isRoot": false,
            "uuid": "7f5c0ce2-c414-4efb-8336-8d0397f1d93b",
            "isHook": false,
            "skipped": false
          },
          {
            "title": "Able to select a crewCode, clear it, and select it again",
            "fullTitle": "@Requests-Log: Able to select a crewCode, clear it, and select it again",
            "timedOut": false,
            "duration": 6309,
            "state": "passed",
            "speed": "slow",
            "pass": true,
            "fail": false,
            "pending": false,
            "code": "// First we filter by a crewcode and check if it appears in the table\nI.fillAutocomplete(RequestsLog.fields.crewCode.container, CrewCodes.MARGNE);\nI.waitForElement(RequestsLog.table.row);\nI.onlySeePattern(CrewCodes.MARGNE, RequestsLog.table.columns.crewCode);\n// Then we clear the crewcode filter...\nI.click(RequestsLog.buttons.clearCrewCode);\n// ...and try to filter using it again\nI.fillAutocomplete(RequestsLog.fields.crewCode.container, CrewCodes.MARGNE);\n// Finally we check to see if it continues to appear correctly\nI.waitForElement(RequestsLog.table.row);\nI.onlySeePattern(CrewCodes.MARGNE, RequestsLog.table.columns.crewCode);",
            "err": {},
            "isRoot": false,
            "uuid": "e02e61fe-b351-4da2-8413-3b3c117af890",
            "isHook": false,
            "skipped": false
          }
        ],
        "suites": [],
        "passes": [
          "b1d6263a-588f-483d-ae97-5be1ac314d36",
          "c0145b85-b793-4d57-bb98-bff6f3fd8189",
          "ad07a1bc-dd7f-4273-a0a8-9f2e4ce69ea2",
          "d0beb472-8937-47ee-a8dc-763e629e58f1",
          "cd7058de-04cd-40b8-a2bf-8b95d59f51bd",
          "e5b5c582-405e-4920-8caa-1e81f2c60c88",
          "047555c4-1b90-4968-ac77-689cbc72ce13",
          "7d4a6aff-6324-44e0-ad17-97a930d0556a",
          "b34657f5-52e6-419f-8601-dde00d43e9b0",
          "de10deea-4c15-4b3c-b408-52e796eaa10b",
          "d0b9d554-36bb-4946-9831-4a1ca3d76b72",
          "56d5e298-71e2-42c5-8ed8-130799b32f9f",
          "24f885d9-715a-427e-b5df-34910f205a5f",
          "01dad6d3-225e-4f8c-bd6f-e32e47288548",
          "5f2cb8bd-e718-4caf-abd5-a8cea8b6e5b0",
          "f463260a-0774-4b60-b4be-e604ee3f654f",
          "875ae45a-f60e-4c63-8a4a-cf0337d53f07",
          "ce26b2fa-00a4-40e8-9735-2555d92c9217",
          "e481f880-95fa-4372-a2be-3b5d1c691811",
          "1691cce9-e090-43bc-aa77-e3c21ed012da",
          "9d9a3d0f-b588-44e8-b760-e2c780c1c91e",
          "d7868c74-953f-411f-80ea-67a3f59e7cd4",
          "5e62e96b-a825-4262-b5ba-002fc81b40a7",
          "7f5c0ce2-c414-4efb-8336-8d0397f1d93b",
          "e02e61fe-b351-4da2-8413-3b3c117af890"
        ],
        "failures": [],
        "pending": [],
        "skipped": [],
        "duration": 97784,
        "root": false,
        "rootEmpty": false,
        "_timeout": 0
      },
      {
        "uuid": "778d9844-0b69-4329-9978-7d77b550d9a2",
        "title": "@Requests-Log-INFLIGHT",
        "fullFile": "/Users/felicianot/Projects/annual-leave-fe/e2e/features/7-requests-log-inflight.e2e-spec.js",
        "file": "/e2e/features/7-requests-log-inflight.e2e-spec.js",
        "beforeHooks": [
          {
            "title": "\"before all\" hook: codeceptjs.beforeSuite",
            "fullTitle": "@Requests-Log-INFLIGHT \"before all\" hook: codeceptjs.beforeSuite",
            "timedOut": false,
            "duration": 1604,
            "pass": false,
            "fail": false,
            "pending": false,
            "code": "scenario.suiteSetup(suite)",
            "err": {},
            "isRoot": false,
            "uuid": "90eb4cd8-9534-417e-9d7e-7715dbc9216d",
            "isHook": true,
            "skipped": false
          },
          {
            "title": "\"before all\" hook: BeforeSuite",
            "fullTitle": "@Requests-Log-INFLIGHT \"before all\" hook: BeforeSuite",
            "timedOut": false,
            "duration": 5221,
            "pass": false,
            "fail": false,
            "pending": false,
            "code": "await DB.presetRequestsLog(true);\nI.loginWithCookie(await I.getAuthCookie(roles.INFLIGHT));",
            "err": {},
            "isRoot": false,
            "uuid": "31c0c190-7424-4dd0-a1d3-e94c2c8bdacc",
            "isHook": true,
            "skipped": false
          },
          {
            "title": "\"before each\" hook: codeceptjs.before",
            "fullTitle": "@Requests-Log-INFLIGHT \"before each\" hook: codeceptjs.before",
            "timedOut": false,
            "duration": 0,
            "pass": false,
            "fail": false,
            "pending": false,
            "code": "scenario.setup(suite)",
            "err": {},
            "isRoot": false,
            "uuid": "8b2f31dc-12d5-4df3-a220-0a3bcc108a1b",
            "isHook": true,
            "skipped": false
          },
          {
            "title": "\"before each\" hook: Before",
            "fullTitle": "@Requests-Log-INFLIGHT \"before each\" hook: Before",
            "timedOut": false,
            "duration": 3111,
            "pass": false,
            "fail": false,
            "pending": false,
            "code": "I.amOnPage('/requests-log');",
            "err": {},
            "isRoot": false,
            "uuid": "5afef196-319a-448d-8148-94ef3e01c9fd",
            "isHook": true,
            "skipped": false
          }
        ],
        "afterHooks": [
          {
            "title": "\"after all\" hook: AfterSuite",
            "fullTitle": "@Requests-Log-INFLIGHT \"after all\" hook: AfterSuite",
            "timedOut": false,
            "duration": 1059,
            "pass": false,
            "fail": false,
            "pending": false,
            "code": "await DB.resetRequestsLog(true);\nI.clearCookies();",
            "err": {},
            "isRoot": false,
            "uuid": "1dfd1a5e-ad6b-4282-9f1b-e434b525714e",
            "isHook": true,
            "skipped": false
          },
          {
            "title": "\"after all\" hook: codeceptjs.afterSuite",
            "fullTitle": "@Requests-Log-INFLIGHT \"after all\" hook: codeceptjs.afterSuite",
            "timedOut": false,
            "duration": 0,
            "pass": false,
            "fail": false,
            "pending": false,
            "code": "scenario.suiteTeardown(suite)",
            "err": {},
            "isRoot": false,
            "uuid": "e5a56a54-a3fd-4a8f-938e-81b14da8c59e",
            "isHook": true,
            "skipped": false
          },
          {
            "title": "\"after each\" hook: finalize codeceptjs",
            "fullTitle": "@Requests-Log-INFLIGHT \"after each\" hook: finalize codeceptjs",
            "timedOut": false,
            "duration": 502,
            "pass": false,
            "fail": false,
            "pending": false,
            "code": "scenario.teardown(suite)",
            "err": {},
            "isRoot": false,
            "uuid": "fb2bdda0-a438-4180-b0fb-33a6cb75b9a6",
            "isHook": true,
            "skipped": false
          }
        ],
        "tests": [
          {
            "title": "Default filter values",
            "fullTitle": "@Requests-Log-INFLIGHT: Default filter values",
            "timedOut": false,
            "duration": 68,
            "state": "passed",
            "speed": "medium",
            "pass": true,
            "fail": false,
            "pending": false,
            "code": "I.seeInField(RequestsLog.fields.base.input, Bases.ACE);\nI.see(Ranks.PU, RequestsLog.fields.rank);\nI.see(I.capitalize(States.PENDING), RequestsLog.fields.state);\nI.see(RequestsLog.filters.ALL, RequestsLog.fields.type);\nI.seeInField(RequestsLog.fields.contractCode.input, RequestsLog.filters.ALL);\nI.seeInField(RequestsLog.fields.priorityCode.input, RequestsLog.filters.ALL);",
            "err": {},
            "isRoot": false,
            "uuid": "10cb0d8c-c817-4815-b51f-6b91b9e46daf",
            "isHook": false,
            "skipped": false
          },
          {
            "title": "Leaves of the same type are ordered ASC by applicationTime",
            "fullTitle": "@Requests-Log-INFLIGHT: Leaves of the same type are ordered ASC by applicationTime",
            "timedOut": false,
            "duration": 4377,
            "state": "passed",
            "speed": "slow",
            "pass": true,
            "fail": false,
            "pending": false,
            "code": "RequestsLog.switchToLeaveType(LeaveTypes.INFLIGHT.AD_HOC.name);\nI.waitForElement(RequestsLog.table.row);\nI.seeBefore(\n  RequestsLog.table.columns.applicationTime,\n  Dates.long.yesterday,\n  Dates.long.today,\n  true\n);\nawait I.setDate(Dates.raw.today, RequestsLog.fields.createdAtFrom);\nawait I.setDate(Dates.raw.today, RequestsLog.fields.createdAtTo);\nI.seeBefore(\n  RequestsLog.table.columns.applicationTime,\n  Dates.time.today,\n  Dates.time.laterToday,\n  true\n);",
            "err": {},
            "isRoot": false,
            "uuid": "07dafb6a-1770-4c07-9c4f-64ab61fa6a1d",
            "isHook": false,
            "skipped": false
          },
          {
            "title": "Able to filter by approved blocks",
            "fullTitle": "@Requests-Log-INFLIGHT: Able to filter by approved blocks",
            "timedOut": false,
            "duration": 6135,
            "state": "passed",
            "speed": "slow",
            "pass": true,
            "fail": false,
            "pending": false,
            "code": "RequestsLog.switchToState(States.APPROVED);\nI.waitForElement(RequestsLog.table.row);\nawait I.setDate(Dates.raw.today, RequestsLog.fields.dateFromBlock);\nawait I.setDate(Dates.raw.today, RequestsLog.fields.dateToBlock);\nI.fillField(RequestsLog.fields.blockNum, '2');\nI.waitForElement(RequestsLog.table.row);\nI.see(CrewCodes.ROCHDI, RequestsLog.table.columns.crewCode);\nI.fillField(RequestsLog.fields.blockNum, '50');\nI.see(RequestsLog.strings.noRequests, RequestsLog.table.noItems);",
            "err": {},
            "isRoot": false,
            "uuid": "d01dfce3-4bf3-4e6e-b728-a45247d4b21b",
            "isHook": false,
            "skipped": false
          },
          {
            "title": "Setting a block num automatically set dates with current year",
            "fullTitle": "@Requests-Log-INFLIGHT: Setting a block num automatically set dates with current year",
            "timedOut": false,
            "duration": 617,
            "state": "passed",
            "speed": "slow",
            "pass": true,
            "fail": false,
            "pending": false,
            "code": "I.fillField(RequestsLog.fields.blockNum, '1');\nI.seeInField(RequestsLog.fields.dateFromBlock, Dates.long.yearStart);\nI.seeInField(RequestsLog.fields.dateToBlock, Dates.long.yearEnd);",
            "err": {},
            "isRoot": false,
            "uuid": "69944b3a-07b4-418d-904d-143caf2d9797",
            "isHook": false,
            "skipped": false
          },
          {
            "title": "Setting block dates automatically sets block num",
            "fullTitle": "@Requests-Log-INFLIGHT: Setting block dates automatically sets block num",
            "timedOut": false,
            "duration": 1173,
            "state": "passed",
            "speed": "slow",
            "pass": true,
            "fail": false,
            "pending": false,
            "code": "await I.setDate(Dates.raw.today, RequestsLog.fields.dateToBlock);\nI.seeInField(RequestsLog.fields.blockNum, '1');",
            "err": {},
            "isRoot": false,
            "uuid": "34066d84-e7e6-4450-b500-9a2756c2f3cc",
            "isHook": false,
            "skipped": false
          },
          {
            "title": "Clearing block num input also clears the dates",
            "fullTitle": "@Requests-Log-INFLIGHT: Clearing block num input also clears the dates",
            "timedOut": false,
            "duration": 2216,
            "state": "passed",
            "speed": "slow",
            "pass": true,
            "fail": false,
            "pending": false,
            "code": "I.fillField(RequestsLog.fields.blockNum, '1');\nI.seeInField(RequestsLog.fields.dateFromBlock, Dates.long.yearStart);\nI.seeInField(RequestsLog.fields.dateToBlock, Dates.long.yearEnd);\nI.clearControlledField(RequestsLog.fields.blockNum);\nI.dontSeeInField(RequestsLog.fields.dateFromBlock, Dates.long.yearStart);\nI.dontSeeInField(RequestsLog.fields.dateToBlock, Dates.long.yearEnd);",
            "err": {},
            "isRoot": false,
            "uuid": "8474699f-3c26-42d1-b11f-6a710b823452",
            "isHook": false,
            "skipped": false
          }
        ],
        "suites": [],
        "passes": [
          "10cb0d8c-c817-4815-b51f-6b91b9e46daf",
          "07dafb6a-1770-4c07-9c4f-64ab61fa6a1d",
          "d01dfce3-4bf3-4e6e-b728-a45247d4b21b",
          "69944b3a-07b4-418d-904d-143caf2d9797",
          "34066d84-e7e6-4450-b500-9a2756c2f3cc",
          "8474699f-3c26-42d1-b11f-6a710b823452"
        ],
        "failures": [],
        "pending": [],
        "skipped": [],
        "duration": 14586,
        "root": false,
        "rootEmpty": false,
        "_timeout": 0
      }
    ],
    "passes": [],
    "failures": [],
    "pending": [],
    "skipped": [],
    "duration": 0,
    "root": true,
    "rootEmpty": true,
    "_timeout": 0
  },
  "copyrightYear": 2021
}
