{
  "stats": {
    "suites": 2,
    "tests": 29,
    "passes": 29,
    "pending": 0,
    "failures": 0,
    "start": "2021-07-12T14:06:43.478Z",
    "end": "2021-07-12T14:12:30.084Z",
    "duration": 346606,
    "testsRegistered": 29,
    "passPercent": 100,
    "pendingPercent": 0,
    "other": 0,
    "hasOther": false,
    "skipped": 0,
    "hasSkipped": false,
    "passPercentClass": "success",
    "pendingPercentClass": "danger"
  },
  "suites": {
    "uuid": "b51a28c1-05e8-4873-ad2b-095933356134",
    "title": "",
    "fullFile": "",
    "file": "",
    "beforeHooks": [],
    "afterHooks": [],
    "tests": [],
    "suites": [
      {
        "uuid": "50fd5043-e59c-4461-bfec-db927bad09f3",
        "title": "@Calendar-INFLIGHT",
        "fullFile": "/Users/felicianot/Projects/annual-leave-fe/e2e/features/4-calendar-inflight.e2e-spec.js",
        "file": "/e2e/features/4-calendar-inflight.e2e-spec.js",
        "beforeHooks": [
          {
            "title": "\"before all\" hook: codeceptjs.beforeSuite",
            "fullTitle": "@Calendar-INFLIGHT \"before all\" hook: codeceptjs.beforeSuite",
            "timedOut": false,
            "duration": 5701,
            "pass": false,
            "fail": false,
            "pending": false,
            "code": "scenario.suiteSetup(suite)",
            "err": {},
            "isRoot": false,
            "uuid": "3609abc9-a542-4ab0-8c2f-5e403a08b6fb",
            "isHook": true,
            "skipped": false
          },
          {
            "title": "\"before all\" hook: BeforeSuite",
            "fullTitle": "@Calendar-INFLIGHT \"before all\" hook: BeforeSuite",
            "timedOut": false,
            "duration": 31717,
            "pass": false,
            "fail": false,
            "pending": false,
            "code": "I.loginWithCookie(await I.getAuthCookie(roles.INFLIGHT));\nawait Calendar.presetCalendar(true);",
            "err": {},
            "isRoot": false,
            "uuid": "27e4f171-7010-4ab7-a251-5d3dfda252dd",
            "isHook": true,
            "skipped": false
          },
          {
            "title": "\"before each\" hook: codeceptjs.before",
            "fullTitle": "@Calendar-INFLIGHT \"before each\" hook: codeceptjs.before",
            "timedOut": false,
            "duration": 0,
            "pass": false,
            "fail": false,
            "pending": false,
            "code": "scenario.setup(suite)",
            "err": {},
            "isRoot": false,
            "uuid": "4ff2dbb1-a28e-401a-9693-e95246752340",
            "isHook": true,
            "skipped": false
          },
          {
            "title": "\"before each\" hook: Before",
            "fullTitle": "@Calendar-INFLIGHT \"before each\" hook: Before",
            "timedOut": false,
            "duration": 2535,
            "pass": false,
            "fail": false,
            "pending": false,
            "code": "I.amOnPage('/calendar');",
            "err": {},
            "isRoot": false,
            "uuid": "453a87f2-4f9e-457d-9d16-cfe6f895b59c",
            "isHook": true,
            "skipped": false
          }
        ],
        "afterHooks": [
          {
            "title": "\"after all\" hook: AfterSuite",
            "fullTitle": "@Calendar-INFLIGHT \"after all\" hook: AfterSuite",
            "timedOut": false,
            "duration": 1969,
            "pass": false,
            "fail": false,
            "pending": false,
            "code": "await Calendar.resetCalendar();\nI.clearCookies();",
            "err": {},
            "isRoot": false,
            "uuid": "65e7ff66-5d50-482e-ba8c-4f435a0bf6bd",
            "isHook": true,
            "skipped": false
          },
          {
            "title": "\"after all\" hook: codeceptjs.afterSuite",
            "fullTitle": "@Calendar-INFLIGHT \"after all\" hook: codeceptjs.afterSuite",
            "timedOut": false,
            "duration": 0,
            "pass": false,
            "fail": false,
            "pending": false,
            "code": "scenario.suiteTeardown(suite)",
            "err": {},
            "isRoot": false,
            "uuid": "f9b41712-aaec-4529-a0b2-a6f78e627e22",
            "isHook": true,
            "skipped": false
          },
          {
            "title": "\"after each\" hook: finalize codeceptjs",
            "fullTitle": "@Calendar-INFLIGHT \"after each\" hook: finalize codeceptjs",
            "timedOut": false,
            "duration": 505,
            "pass": false,
            "fail": false,
            "pending": false,
            "code": "scenario.teardown(suite)",
            "err": {},
            "isRoot": false,
            "uuid": "1b3d7b00-b73b-47c8-b296-4c4988d16e8c",
            "isHook": true,
            "skipped": false
          }
        ],
        "tests": [
          {
            "title": "Able to see date range leave types",
            "fullTitle": "@Calendar-INFLIGHT: Able to see date range leave types",
            "timedOut": false,
            "duration": 5818,
            "state": "passed",
            "speed": "slow",
            "pass": true,
            "fail": false,
            "pending": false,
            "code": "// Create date range for OPO base:\nawait Calendar.saveDateRange(Bases.OPO, Dates.raw.today, Dates.raw.tomorrow);\n// Select the created range:\nawait Calendar.selectDate(Dates.raw.today);\nI.waitForElement(Calendar.sidenav.container, Calendar.maxWaitTime);\n// Check if leave types info is visible:\nI.seeElement(Calendar.sidenav.details.details);\nI.seeElement(Calendar.sidenav.details.leaveTypes);",
            "err": {},
            "isRoot": false,
            "uuid": "18063075-9649-430b-b2b8-0cdf1f9a466f",
            "isHook": false,
            "skipped": false
          },
          {
            "title": "Date range is created with all available leave types",
            "fullTitle": "@Calendar-INFLIGHT: Date range is created with all available leave types",
            "timedOut": false,
            "duration": 3549,
            "state": "passed",
            "speed": "slow",
            "pass": true,
            "fail": false,
            "pending": false,
            "code": "// Filter base:\nI.fillAutocomplete(Calendar.filters.base.container, Bases.OPO);\n// Click date:\nawait Calendar.selectDate(Dates.raw.today, CalendarDateStates.SAVED);\nI.waitForElement(Calendar.sidenav.container, Calendar.maxWaitTime);\n// Check if date was created with all available leave types:\nI.seeElement(Calendar.sidenav.leaveTypes.blockChecked);\nI.seeElement(Calendar.sidenav.leaveTypes.adhocChecked);\nI.seeElement(Calendar.sidenav.leaveTypes.unpaidBlockChecked);",
            "err": {},
            "isRoot": false,
            "uuid": "dc213add-496b-4109-9de5-85c8f319c55c",
            "isHook": false,
            "skipped": false
          },
          {
            "title": "Able to dismiss edited date range",
            "fullTitle": "@Calendar-INFLIGHT: Able to dismiss edited date range",
            "timedOut": false,
            "duration": 7762,
            "state": "passed",
            "speed": "slow",
            "pass": true,
            "fail": false,
            "pending": false,
            "code": "// Filter base:\nI.fillAutocomplete(Calendar.filters.base.container, Bases.OPO);\n// Click date:\nawait Calendar.selectDate(Dates.raw.today, CalendarDateStates.SAVED);\nI.waitForElement(Calendar.sidenav.container, Calendar.maxWaitTime);\n// Check if \"block\" leave type is on:\nI.seeElement(Calendar.sidenav.leaveTypes.blockChecked);\n// Deselect \"block\":\nI.click(Calendar.sidenav.leaveTypes.blockChecked);\nI.seeElement(Calendar.sidenav.leaveTypes.block);\n// Dismiss changes:\nCalendar.discard();\nI.seeModal(Modal.container, Calendar.modals.unsavedChanges);\nI.clickModalButton(Modal.container, Modal.confirmButton);\n// Reopen sidenav and check if \"block\" is back on:\nawait Calendar.selectDate(Dates.raw.today, CalendarDateStates.SAVED);\nI.waitForElement(Calendar.sidenav.container, Calendar.maxWaitTime);\nI.seeElement(Calendar.sidenav.leaveTypes.blockChecked);",
            "err": {},
            "isRoot": false,
            "uuid": "0212277a-2f53-4aad-b148-3e626cc45f1e",
            "isHook": false,
            "skipped": false
          },
          {
            "title": "Not able to deselect last leave type",
            "fullTitle": "@Calendar-INFLIGHT: Not able to deselect last leave type",
            "timedOut": false,
            "duration": 5070,
            "state": "passed",
            "speed": "slow",
            "pass": true,
            "fail": false,
            "pending": false,
            "code": "// Filter base:\nI.fillAutocomplete(Calendar.filters.base.container, Bases.OPO);\n// Click date:\nawait Calendar.selectDate(Dates.raw.today, CalendarDateStates.SAVED);\nI.waitForElement(Calendar.sidenav.container, Calendar.maxWaitTime);\n// Check if all leave types are on:\nI.seeElement(Calendar.sidenav.leaveTypes.blockChecked);\nI.seeElement(Calendar.sidenav.leaveTypes.adhocChecked);\nI.seeElement(Calendar.sidenav.leaveTypes.unpaidBlockChecked);\n// Deselect \"block\":\nI.click(Calendar.sidenav.leaveTypes.blockChecked);\n// Deselect \"adhoc\":\nI.click(Calendar.sidenav.leaveTypes.adhocChecked);\n// Deselect \"unpaidBlock\":\nI.click(Calendar.sidenav.leaveTypes.unpaidBlockChecked);\n// Check that all but the last are off:\nI.seeElement(Calendar.sidenav.leaveTypes.block);\nI.seeElement(Calendar.sidenav.leaveTypes.adhoc);\nI.seeElement(Calendar.sidenav.leaveTypes.unpaidBlockChecked);",
            "err": {},
            "isRoot": false,
            "uuid": "193867ce-e303-4724-846d-a567b4fb9c69",
            "isHook": false,
            "skipped": false
          },
          {
            "title": "Able to save date with edited leave type",
            "fullTitle": "@Calendar-INFLIGHT: Able to save date with edited leave type",
            "timedOut": false,
            "duration": 5082,
            "state": "passed",
            "speed": "slow",
            "pass": true,
            "fail": false,
            "pending": false,
            "code": "// Filter base:\nI.fillAutocomplete(Calendar.filters.base.container, Bases.OPO);\n// Click date:\nawait Calendar.selectDate(Dates.raw.today, CalendarDateStates.SAVED);\nI.waitForElement(Calendar.sidenav.container, Calendar.maxWaitTime);\n// Check if \"block\" is on:\nI.seeElement(Calendar.sidenav.leaveTypes.blockChecked);\n// Deselect \"block\":\nI.click(Calendar.sidenav.leaveTypes.blockChecked);\n// Save date:\nCalendar.save();\n// Reopen sidenav and check that \"block\" is still off:\nawait Calendar.selectDate(Dates.raw.today, CalendarDateStates.SAVED);\nI.waitForElement(Calendar.sidenav.container, Calendar.maxWaitTime);\nI.seeElement(Calendar.sidenav.leaveTypes.block);",
            "err": {},
            "isRoot": false,
            "uuid": "9bf072e6-9a3a-4106-bef4-373abc798347",
            "isHook": false,
            "skipped": false
          },
          {
            "title": "Able to publish date with edited leave type",
            "fullTitle": "@Calendar-INFLIGHT: Able to publish date with edited leave type",
            "timedOut": false,
            "duration": 5633,
            "state": "passed",
            "speed": "slow",
            "pass": true,
            "fail": false,
            "pending": false,
            "code": "// Filter base:\nI.fillAutocomplete(Calendar.filters.base.container, Bases.OPO);\n// Click date:\nawait Calendar.selectDate(Dates.raw.today, CalendarDateStates.SAVED);\nI.waitForElement(Calendar.sidenav.container, Calendar.maxWaitTime);\n// Check if \"adhoc\" is on:\nI.seeElement(Calendar.sidenav.leaveTypes.adhocChecked);\n// Deselect \"adhoc\":\nI.click(Calendar.sidenav.leaveTypes.adhocChecked);\n// Save and publish date:\nCalendar.save();\nCalendar.publish();\n// Reopen sidenav and check that \"block\" and \"adhoc\" are still off:\nawait Calendar.selectDate(Dates.raw.today, CalendarDateStates.PUBLISHED);\nI.waitForElement(Calendar.sidenav.container, Calendar.maxWaitTime);\nI.seeElement(Calendar.sidenav.leaveTypes.block);\nI.seeElement(Calendar.sidenav.leaveTypes.adhoc);",
            "err": {},
            "isRoot": false,
            "uuid": "f9cbd277-a259-47e7-bbef-0c3de8704e9f",
            "isHook": false,
            "skipped": false
          },
          {
            "title": "Unable to edit leave types for published dates",
            "fullTitle": "@Calendar-INFLIGHT: Unable to edit leave types for published dates",
            "timedOut": false,
            "duration": 4496,
            "state": "passed",
            "speed": "slow",
            "pass": true,
            "fail": false,
            "pending": false,
            "code": "// Filter base:\nI.fillAutocomplete(Calendar.filters.base.container, Bases.OPO);\n// Click date:\nawait Calendar.selectDate(Dates.raw.today, CalendarDateStates.PUBLISHED);\nI.waitForElement(Calendar.sidenav.container);\n// Check if date is published and that \"block\" and \"adhoc\" are off:\nI.waitForText(\n  CalendarDateStates.PUBLISHED,\n  Calendar.sidenav.details.status\n);\nI.seeElement(Calendar.sidenav.leaveTypes.block);\nI.seeElement(Calendar.sidenav.leaveTypes.adhoc);\n// Select both:\nI.click(Calendar.sidenav.leaveTypes.block);\nI.click(Calendar.sidenav.leaveTypes.adhoc);\n// Check if they are still off:\nI.seeElement(Calendar.sidenav.leaveTypes.block);\nI.seeElement(Calendar.sidenav.leaveTypes.adhoc);",
            "err": {},
            "isRoot": false,
            "uuid": "8f6e48b8-5a65-41d9-a3ac-55913a1ec1e4",
            "isHook": false,
            "skipped": false
          },
          {
            "title": "Able to create, save, edit and publish range with same dates right after deleting a published one",
            "fullTitle": "@Calendar-INFLIGHT: Able to create, save, edit and publish range with same dates right after deleting a published one",
            "timedOut": false,
            "duration": 11824,
            "state": "passed",
            "speed": "slow",
            "pass": true,
            "fail": false,
            "pending": false,
            "code": "// Filter base:\nI.fillAutocomplete(Calendar.filters.base.container, Bases.OPO);\n// Delete published date:\nawait Calendar.deleteDate(Dates.raw.today, CalendarDateStates.PUBLISHED);\n// Create date range with same dates and save:\nawait Calendar.saveDateRange(\n  Bases.OPO,\n  Dates.raw.today,\n  Dates.raw.tomorrow\n);\n// Click date:\nawait Calendar.selectDate(Dates.raw.today, CalendarDateStates.SAVED);\nI.waitForElement(Calendar.sidenav.container);\n// Check if date was created with all available leave types:\nI.seeElement(Calendar.sidenav.leaveTypes.blockChecked);\nI.seeElement(Calendar.sidenav.leaveTypes.adhocChecked);\nI.seeElement(Calendar.sidenav.leaveTypes.unpaidBlockChecked);\n// Deselect \"adhoc\":\nI.click(Calendar.sidenav.leaveTypes.adhocChecked);\n// Save date:\nCalendar.save();\n// Reopen sidenav and check if leave types states are correct:\nawait Calendar.selectDate(Dates.raw.today, CalendarDateStates.SAVED);\nI.waitForElement(Calendar.sidenav.container);\nI.seeElement(Calendar.sidenav.leaveTypes.blockChecked);\nI.seeElement(Calendar.sidenav.leaveTypes.adhoc);\nI.seeElement(Calendar.sidenav.leaveTypes.unpaidBlockChecked);\n// Publish date:\nCalendar.publish();\n// Reopen sidenav and check that everything is still OK:\nawait Calendar.selectDate(Dates.raw.today, CalendarDateStates.PUBLISHED);\nI.waitForElement(Calendar.sidenav.container);\nI.seeElement(Calendar.sidenav.leaveTypes.blockChecked);\nI.seeElement(Calendar.sidenav.leaveTypes.adhoc);\nI.seeElement(Calendar.sidenav.leaveTypes.unpaidBlockChecked);",
            "err": {},
            "isRoot": false,
            "uuid": "0c0c7782-7933-432e-b853-77fe70c1ae0f",
            "isHook": false,
            "skipped": false
          },
          {
            "title": "Adjacent leave ranges with different leave types are not merged",
            "fullTitle": "@Calendar-INFLIGHT: Adjacent leave ranges with different leave types are not merged",
            "timedOut": false,
            "duration": 15181,
            "state": "passed",
            "speed": "slow",
            "pass": true,
            "fail": false,
            "pending": false,
            "code": "// Filter base and delete existing date:\nI.fillAutocomplete(Calendar.filters.base.container, Bases.OPO);\nawait Calendar.deleteDate(Dates.raw.today, CalendarDateStates.PUBLISHED);\n// Create a range:\nawait Calendar.saveDateRange(\n  Bases.OPO,\n  Dates.raw.today,\n  Dates.raw.tomorrow\n);\n// Disable one leave type for the created range:\nawait Calendar.selectDate(Dates.raw.today, CalendarDateStates.SAVED);\nI.waitForElement(Calendar.sidenav.container);\nI.click(Calendar.sidenav.leaveTypes.blockChecked);\nCalendar.save();\n// Save a second range right after the previous one:\nawait Calendar.saveDateRange(\n  Bases.OPO,\n  Dates.raw.dayAfterTomorrow,\n  Dates.raw.inFiveDays\n);\n// Check that second date range was not merged with the previous one:\nawait Calendar.selectDate(\n  Dates.raw.dayAfterTomorrow,\n  CalendarDateStates.SAVED\n);\nI.waitForElement(Calendar.sidenav.container);\nI.see(Dates.long.dayAfterTomorrow, Calendar.sidenav.details.startDate);\nI.see(Dates.long.inFiveDays, Calendar.sidenav.details.endDate);",
            "err": {},
            "isRoot": false,
            "uuid": "897acdb1-9553-4c41-a49d-1c8d900528a0",
            "isHook": false,
            "skipped": false
          },
          {
            "title": "Able to create multi-year date range which is split when the toggles have different leave types",
            "fullTitle": "@Calendar-INFLIGHT: Able to create multi-year date range which is split when the toggles have different leave types",
            "timedOut": false,
            "duration": 26036,
            "state": "passed",
            "speed": "slow",
            "pass": true,
            "fail": false,
            "pending": false,
            "code": "// Filter base and delete existing dates:\nI.fillAutocomplete(Calendar.filters.base.container, Bases.OPO);\nawait Calendar.deleteDate(Dates.raw.today, CalendarDateStates.SAVED);\nawait Calendar.deleteDate(\n  Dates.raw.dayAfterTomorrow,\n  CalendarDateStates.SAVED\n);\n// Create multi year date range:\nawait Calendar.saveDateRange(\n  Bases.OPO,\n  Dates.raw.today,\n  Dates.raw.inOneYear\n);\n// Click date:\nawait Calendar.selectDate(Dates.raw.today, CalendarDateStates.SAVED);\nI.waitForElement(Calendar.sidenav.container);\n// Check if only one leave was created with all types checked:\nI.waitForText(Dates.long.today, Calendar.sidenav.details.startDate);\nI.waitForText(Dates.long.inOneYear, Calendar.sidenav.details.endDate);\nI.seeElement(Calendar.sidenav.leaveTypes.blockChecked);\nI.seeElement(Calendar.sidenav.leaveTypes.adhocChecked);\nI.seeElement(Calendar.sidenav.leaveTypes.unpaidBlockChecked);\n// Update leave types for the next year:\nawait Calendar.setInflightBasesAvailability(Bases.OPO, {\n  blockLeave: false,\n  standard: false,\n  unpaidBlock: true,\n});\n// Refresh page and filter the base again:\nI.refreshPage();\nI.fillAutocomplete(Calendar.filters.base.container, Bases.OPO);\n// Check that first date doesn't end one year from today and has all leave types on:\nawait Calendar.selectDate(Dates.raw.today, CalendarDateStates.SAVED);\nI.waitForElement(Calendar.sidenav.container);\nI.waitForText(Dates.long.today, Calendar.sidenav.details.startDate);\nI.dontSee(Dates.long.inOneYear, Calendar.sidenav.details.endDate);\nI.seeElement(Calendar.sidenav.leaveTypes.blockChecked);\nI.seeElement(Calendar.sidenav.leaveTypes.adhocChecked);\nI.seeElement(Calendar.sidenav.leaveTypes.unpaidBlockChecked);\n// Check that the second date doesn't start today and has only \"unpaidBlock\" toggle:\nawait Calendar.selectDate(Dates.raw.inOneYear, CalendarDateStates.SAVED);\nI.waitForElement(Calendar.sidenav.container);\nI.waitForText(Dates.long.inOneYear, Calendar.sidenav.details.endDate);\nI.dontSee(Dates.long.today, Calendar.sidenav.details.startDate);\nI.dontSeeElement(Calendar.sidenav.leaveTypes.block);\nI.dontSeeElement(Calendar.sidenav.leaveTypes.adhoc);\nI.seeElement(Calendar.sidenav.leaveTypes.unpaidBlockChecked);\n// Turn on all leave types again for the next year:\nawait Calendar.setInflightBasesAvailability(Bases.OPO, {\n  blockLeave: true,\n  standard: true,\n  unpaidBlock: true,\n});\n// Refresh page and filter the base again:\nI.refreshPage();\nI.fillAutocomplete(Calendar.filters.base.container, Bases.OPO);\n// Check that the second date has all toggles on again:\nawait Calendar.selectDate(Dates.raw.inOneYear, CalendarDateStates.SAVED);\nI.waitForElement(Calendar.sidenav.container);\nI.seeElement(Calendar.sidenav.leaveTypes.blockChecked);\nI.seeElement(Calendar.sidenav.leaveTypes.adhocChecked);\nI.seeElement(Calendar.sidenav.leaveTypes.unpaidBlockChecked);",
            "err": {},
            "isRoot": false,
            "uuid": "28d575e7-0ca6-49a6-9e7b-d5a3dcf52e53",
            "isHook": false,
            "skipped": false
          }
        ],
        "suites": [],
        "passes": [
          "18063075-9649-430b-b2b8-0cdf1f9a466f",
          "dc213add-496b-4109-9de5-85c8f319c55c",
          "0212277a-2f53-4aad-b148-3e626cc45f1e",
          "193867ce-e303-4724-846d-a567b4fb9c69",
          "9bf072e6-9a3a-4106-bef4-373abc798347",
          "f9cbd277-a259-47e7-bbef-0c3de8704e9f",
          "8f6e48b8-5a65-41d9-a3ac-55913a1ec1e4",
          "0c0c7782-7933-432e-b853-77fe70c1ae0f",
          "897acdb1-9553-4c41-a49d-1c8d900528a0",
          "28d575e7-0ca6-49a6-9e7b-d5a3dcf52e53"
        ],
        "failures": [],
        "pending": [],
        "skipped": [],
        "duration": 90451,
        "root": false,
        "rootEmpty": false,
        "_timeout": 0
      },
      {
        "uuid": "e7b5bcc8-6158-4aa7-903c-f68cc198e97b",
        "title": "@Settings-INFLIGHT",
        "fullFile": "/Users/felicianot/Projects/annual-leave-fe/e2e/features/9-settings-inflight.e2e-spec.js",
        "file": "/e2e/features/9-settings-inflight.e2e-spec.js",
        "beforeHooks": [
          {
            "title": "\"before all\" hook: codeceptjs.beforeSuite",
            "fullTitle": "@Settings-INFLIGHT \"before all\" hook: codeceptjs.beforeSuite",
            "timedOut": false,
            "duration": 2053,
            "pass": false,
            "fail": false,
            "pending": false,
            "code": "scenario.suiteSetup(suite)",
            "err": {},
            "isRoot": false,
            "uuid": "a6b8f5c7-dd0b-4034-9535-646413d5cc24",
            "isHook": true,
            "skipped": false
          },
          {
            "title": "\"before all\" hook: BeforeSuite",
            "fullTitle": "@Settings-INFLIGHT \"before all\" hook: BeforeSuite",
            "timedOut": false,
            "duration": 6894,
            "pass": false,
            "fail": false,
            "pending": false,
            "code": "I.loginWithCookie(await I.getAuthCookie(roles.INFLIGHT));\nawait Settings.presetSettings(true);",
            "err": {},
            "isRoot": false,
            "uuid": "f1ece0c7-85d2-49d0-8248-e4c71f6ff4b7",
            "isHook": true,
            "skipped": false
          },
          {
            "title": "\"before each\" hook: codeceptjs.before",
            "fullTitle": "@Settings-INFLIGHT \"before each\" hook: codeceptjs.before",
            "timedOut": false,
            "duration": 0,
            "pass": false,
            "fail": false,
            "pending": false,
            "code": "scenario.setup(suite)",
            "err": {},
            "isRoot": false,
            "uuid": "dbccd05a-3df9-45f7-9316-cee641050cbb",
            "isHook": true,
            "skipped": false
          },
          {
            "title": "\"before each\" hook: Before",
            "fullTitle": "@Settings-INFLIGHT \"before each\" hook: Before",
            "timedOut": false,
            "duration": 4182,
            "pass": false,
            "fail": false,
            "pending": false,
            "code": "I.amOnPage('/settings');",
            "err": {},
            "isRoot": false,
            "uuid": "19c14a3c-a27f-417a-b644-fd811bc87dbc",
            "isHook": true,
            "skipped": false
          }
        ],
        "afterHooks": [
          {
            "title": "\"after all\" hook: AfterSuite",
            "fullTitle": "@Settings-INFLIGHT \"after all\" hook: AfterSuite",
            "timedOut": false,
            "duration": 3876,
            "pass": false,
            "fail": false,
            "pending": false,
            "code": "await Settings.resetSettings();\nI.clearCookies();",
            "err": {},
            "isRoot": false,
            "uuid": "5316303e-a46d-4d41-aae4-e92579631ea3",
            "isHook": true,
            "skipped": false
          },
          {
            "title": "\"after all\" hook: codeceptjs.afterSuite",
            "fullTitle": "@Settings-INFLIGHT \"after all\" hook: codeceptjs.afterSuite",
            "timedOut": false,
            "duration": 0,
            "pass": false,
            "fail": false,
            "pending": false,
            "code": "scenario.suiteTeardown(suite)",
            "err": {},
            "isRoot": false,
            "uuid": "90e3d07e-1a29-4826-8aa8-3b844cd2acfc",
            "isHook": true,
            "skipped": false
          },
          {
            "title": "\"after each\" hook: finalize codeceptjs",
            "fullTitle": "@Settings-INFLIGHT \"after each\" hook: finalize codeceptjs",
            "timedOut": false,
            "duration": 506,
            "pass": false,
            "fail": false,
            "pending": false,
            "code": "scenario.teardown(suite)",
            "err": {},
            "isRoot": false,
            "uuid": "f0f7d426-1aa9-4be3-a506-33add92a3664",
            "isHook": true,
            "skipped": false
          }
        ],
        "tests": [
          {
            "title": "Not able to create a new mobile base",
            "fullTitle": "@Settings-INFLIGHT: Not able to create a new mobile base",
            "timedOut": false,
            "duration": 14,
            "state": "passed",
            "speed": "fast",
            "pass": true,
            "fail": false,
            "pending": false,
            "code": "I.dontSeeElement(Settings.regions.fields.newBase1Input);\nI.dontSeeElement(Settings.regions.fields.newBase2Input);\nI.dontSeeElement(Settings.regions.buttons.newBase1);\nI.dontSeeElement(Settings.regions.buttons.newBase2);",
            "err": {},
            "isRoot": false,
            "uuid": "fb9a4cb7-0576-44df-a033-c39992fa5771",
            "isHook": false,
            "skipped": false
          },
          {
            "title": "Upload button is disabled by default",
            "fullTitle": "@Settings-INFLIGHT: Upload button is disabled by default",
            "timedOut": false,
            "duration": 4,
            "state": "passed",
            "speed": "fast",
            "pass": true,
            "fail": false,
            "pending": false,
            "code": "I.seeElement(Settings.limits.buttons.uploadDisabled);",
            "err": {},
            "isRoot": false,
            "uuid": "9e3479d8-c897-4582-b8bf-a5f8de7ed018",
            "isHook": false,
            "skipped": false
          },
          {
            "title": "File input is available if update is not in progress",
            "fullTitle": "@Settings-INFLIGHT: File input is available if update is not in progress",
            "timedOut": false,
            "duration": 10,
            "state": "passed",
            "speed": "fast",
            "pass": true,
            "fail": false,
            "pending": false,
            "code": "const inProgress = await Settings.hasUpdateInProgress();\nif (!inProgress) {\n  I.seeElement(Settings.limits.buttons.fileInputEnabled);\n}",
            "err": {},
            "isRoot": false,
            "uuid": "a9a77ced-2bc8-44e2-b90f-9aea83992863",
            "isHook": false,
            "skipped": false
          },
          {
            "title": "File input is unavailable if update is in progress",
            "fullTitle": "@Settings-INFLIGHT: File input is unavailable if update is in progress",
            "timedOut": false,
            "duration": 13,
            "state": "passed",
            "speed": "fast",
            "pass": true,
            "fail": false,
            "pending": false,
            "code": "const inProgress = await Settings.hasUpdateInProgress();\nif (inProgress) {\n  I.dontSeeElement(Settings.limits.buttons.fileInput);\n}",
            "err": {},
            "isRoot": false,
            "uuid": "04cfeed7-1f85-4bc0-915f-bc611093e52a",
            "isHook": false,
            "skipped": false
          },
          {
            "title": "Upload button enabled if valid file is selected",
            "fullTitle": "@Settings-INFLIGHT: Upload button enabled if valid file is selected",
            "timedOut": false,
            "duration": 11,
            "state": "passed",
            "speed": "fast",
            "pass": true,
            "fail": false,
            "pending": false,
            "code": "const inProgress = await Settings.hasUpdateInProgress();\nif (!inProgress) {\n  I.waitForElement(Settings.limits.fields.fileInput);\n  I.attachFile(\n    Settings.limits.fields.fileInput,\n    Settings.limits.file.valid\n  );\n  I.seeElement(Settings.limits.buttons.uploadEnabled);\n}",
            "err": {},
            "isRoot": false,
            "uuid": "15cf9f69-7d95-422c-8067-610134d66f75",
            "isHook": false,
            "skipped": false
          },
          {
            "title": "Upload button enabled if valid oddly named file is selected",
            "fullTitle": "@Settings-INFLIGHT: Upload button enabled if valid oddly named file is selected",
            "timedOut": false,
            "duration": 9,
            "state": "passed",
            "speed": "fast",
            "pass": true,
            "fail": false,
            "pending": false,
            "code": "const inProgress = await Settings.hasUpdateInProgress();\nif (!inProgress) {\n  I.waitForElement(Settings.limits.fields.fileInput);\n  I.attachFile(\n    Settings.limits.fields.fileInput,\n    Settings.limits.file.validOddlyNamed\n  );\n  I.seeElement(Settings.limits.buttons.uploadEnabled);\n}",
            "err": {},
            "isRoot": false,
            "uuid": "83f6fddf-6c17-4003-9af5-b84d9c953bd6",
            "isHook": false,
            "skipped": false
          },
          {
            "title": "Upload button disabled if invalid file is selected",
            "fullTitle": "@Settings-INFLIGHT: Upload button disabled if invalid file is selected",
            "timedOut": false,
            "duration": 8,
            "state": "passed",
            "speed": "fast",
            "pass": true,
            "fail": false,
            "pending": false,
            "code": "const inProgress = await Settings.hasUpdateInProgress();\nif (!inProgress) {\n  I.waitForElement(Settings.limits.fields.fileInput);\n  I.attachFile(\n    Settings.limits.fields.fileInput,\n    Settings.limits.file.invalid\n  );\n  I.seeElement(Settings.limits.buttons.uploadDisabled);\n}",
            "err": {},
            "isRoot": false,
            "uuid": "75861fde-901d-46ab-8f58-2e1ec3c70bc2",
            "isHook": false,
            "skipped": false
          },
          {
            "title": "Selecting a valid file also changes status to READY FOR UPLOAD",
            "fullTitle": "@Settings-INFLIGHT: Selecting a valid file also changes status to READY FOR UPLOAD",
            "timedOut": false,
            "duration": 8,
            "state": "passed",
            "speed": "fast",
            "pass": true,
            "fail": false,
            "pending": false,
            "code": "const inProgress = await Settings.hasUpdateInProgress();\nif (!inProgress) {\n  Settings.uploadFile();\n}",
            "err": {},
            "isRoot": false,
            "uuid": "c2349d6b-42d8-4f2c-9425-8c3ef6823b0a",
            "isHook": false,
            "skipped": false
          },
          {
            "title": "Submitting the form changes the status out of READY FOR UPLOAD",
            "fullTitle": "@Settings-INFLIGHT: Submitting the form changes the status out of READY FOR UPLOAD",
            "timedOut": false,
            "duration": 9,
            "state": "passed",
            "speed": "fast",
            "pass": true,
            "fail": false,
            "pending": false,
            "code": "const inProgress = await Settings.hasUpdateInProgress();\nif (!inProgress) {\n  Settings.uploadFile();\n  I.dontSeeElement(\n    Settings.limits.strings.readyForUpload,\n    Settings.limits.fields.updateStatus\n  );\n}",
            "err": {},
            "isRoot": false,
            "uuid": "f78c6253-8979-4098-aa0b-8ae4f107dbed",
            "isHook": false,
            "skipped": false
          },
          {
            "title": "Uploading a file changes status to SUBMITTED and shows disclaimer",
            "fullTitle": "@Settings-INFLIGHT: Uploading a file changes status to SUBMITTED and shows disclaimer",
            "timedOut": false,
            "duration": 9,
            "state": "passed",
            "speed": "fast",
            "pass": true,
            "fail": false,
            "pending": false,
            "code": "const inProgress = await Settings.hasUpdateInProgress();\nif (!inProgress) {\n  Settings.uploadFile();\n  I.waitForText(\n    LimitsUpdateStatus.SUBMITTED,\n    Settings.limits.fields.updateStatus\n  );\n  I.seeElement(Settings.limits.buttons.uploadDisabled);\n  I.dontSeeElement(Settings.limits.buttons.fileInput);\n  I.seeElement(Settings.limits.elements.disclaimer);\n}",
            "err": {},
            "isRoot": false,
            "uuid": "0430e88a-3802-48e7-b214-0993a3c959dc",
            "isHook": false,
            "skipped": false
          },
          {
            "title": "Export button is enabled / disabled based on existence of uploaded limits",
            "fullTitle": "@Settings-INFLIGHT: Export button is enabled / disabled based on existence of uploaded limits",
            "timedOut": false,
            "duration": 9,
            "state": "passed",
            "speed": "fast",
            "pass": true,
            "fail": false,
            "pending": false,
            "code": "const hasUploadedLimits = await Settings.hasUploadedLimits();\nif (hasUploadedLimits) {\n  I.seeElement(Settings.limits.buttons.exportEnabled);\n} else {\n  I.seeElement(Settings.limits.buttons.exportDisabled);\n}",
            "err": {},
            "isRoot": false,
            "uuid": "27955a35-76d7-4478-a413-0c52c55c23a8",
            "isHook": false,
            "skipped": false
          },
          {
            "title": "Able to open export limits modal",
            "fullTitle": "@Settings-INFLIGHT: Able to open export limits modal",
            "timedOut": false,
            "duration": 595,
            "state": "passed",
            "speed": "slow",
            "pass": true,
            "fail": false,
            "pending": false,
            "code": "I.click(Settings.limits.buttons.exportEnabled);\nI.seeModal(\n  Settings.modals.exportLimits.container,\n  Settings.modals.exportLimits.config\n);",
            "err": {},
            "isRoot": false,
            "uuid": "e657bb5d-628d-4439-b8c0-4de1019b6c1d",
            "isHook": false,
            "skipped": false
          },
          {
            "title": "Able to dismiss export limits modal",
            "fullTitle": "@Settings-INFLIGHT: Able to dismiss export limits modal",
            "timedOut": false,
            "duration": 1126,
            "state": "passed",
            "speed": "slow",
            "pass": true,
            "fail": false,
            "pending": false,
            "code": "I.click(Settings.limits.buttons.exportEnabled);\nI.seeModal(\n  Settings.modals.exportLimits.container,\n  Settings.modals.exportLimits.config\n);\nI.clickModalButton(\n  Settings.modals.exportLimits.container,\n  Modal.cancelButton\n);\nI.dontSeeModal(\n  Settings.modals.exportLimits.container,\n  Settings.modals.exportLimits.config\n);",
            "err": {},
            "isRoot": false,
            "uuid": "06f56490-e6b8-4293-a252-8fc64f4d986e",
            "isHook": false,
            "skipped": false
          },
          {
            "title": "Export limits modal has default filters",
            "fullTitle": "@Settings-INFLIGHT: Export limits modal has default filters",
            "timedOut": false,
            "duration": 5109,
            "state": "passed",
            "speed": "slow",
            "pass": true,
            "fail": false,
            "pending": false,
            "code": "I.click(Settings.limits.buttons.exportEnabled);\nI.seeModal(\n  Settings.modals.exportLimits.container,\n  Settings.modals.exportLimits.config\n);\nI.seeInField(\n  Settings.modals.exportLimits.fields.dateFrom,\n  Dates.long.yearStart\n);\nI.seeInField(Settings.modals.exportLimits.fields.dateTo, Dates.long.yearEnd);\nI.seeInField(Settings.modals.exportLimits.fields.base.input, Bases.ALL);\nI.see(RANK_ALL.code, Settings.modals.exportLimits.fields.rank);",
            "err": {},
            "isRoot": false,
            "uuid": "74f8f71e-9ae6-4667-bf26-9da3ae93aa92",
            "isHook": false,
            "skipped": false
          },
          {
            "title": "Able to export limits with date filters",
            "fullTitle": "@Settings-INFLIGHT: Able to export limits with date filters",
            "timedOut": false,
            "duration": 7694,
            "state": "passed",
            "speed": "slow",
            "pass": true,
            "fail": false,
            "pending": false,
            "code": "I.click(Settings.limits.buttons.exportEnabled);\nI.seeModal(\n  Settings.modals.exportLimits.container,\n  Settings.modals.exportLimits.config\n);\nawait Settings.setExportLimitsFilters(\n  Settings.limits.dates.withLimits,\n  Settings.limits.dates.withLimits\n);\nI.clickModalButton(\n  Settings.modals.exportLimits.container,\n  Modal.confirmButton\n);",
            "err": {},
            "isRoot": false,
            "uuid": "6754f349-8b50-4280-bf58-0869a7071601",
            "isHook": false,
            "skipped": false
          },
          {
            "title": "Able to export limits with date and base filters",
            "fullTitle": "@Settings-INFLIGHT: Able to export limits with date and base filters",
            "timedOut": false,
            "duration": 13166,
            "state": "passed",
            "speed": "slow",
            "pass": true,
            "fail": false,
            "pending": false,
            "code": "I.click(Settings.limits.buttons.exportEnabled);\nI.seeModal(\n  Settings.modals.exportLimits.container,\n  Settings.modals.exportLimits.config\n);\nawait Settings.setExportLimitsFilters(\n  Settings.limits.dates.withLimits,\n  Settings.limits.dates.withLimits,\n  Bases.OPO\n);\nI.clickModalButton(\n  Settings.modals.exportLimits.container,\n  Modal.confirmButton\n);",
            "err": {},
            "isRoot": false,
            "uuid": "60ab5ece-bea6-4e1e-8500-9223e5590956",
            "isHook": false,
            "skipped": false
          },
          {
            "title": "Able to export limits with date and rank filters",
            "fullTitle": "@Settings-INFLIGHT: Able to export limits with date and rank filters",
            "timedOut": false,
            "duration": 8720,
            "state": "passed",
            "speed": "slow",
            "pass": true,
            "fail": false,
            "pending": false,
            "code": "I.click(Settings.limits.buttons.exportEnabled);\nI.seeModal(\n  Settings.modals.exportLimits.container,\n  Settings.modals.exportLimits.config\n);\nawait Settings.setExportLimitsFilters(\n  Settings.limits.dates.withLimits,\n  Settings.limits.dates.withLimits,\n  null,\n  Ranks.PU\n);\nI.clickModalButton(\n  Settings.modals.exportLimits.container,\n  Modal.confirmButton\n);",
            "err": {},
            "isRoot": false,
            "uuid": "cbb9e151-0733-4d3e-aa8c-291f2f797275",
            "isHook": false,
            "skipped": false
          },
          {
            "title": "Able to export limits with all filters",
            "fullTitle": "@Settings-INFLIGHT: Able to export limits with all filters",
            "timedOut": false,
            "duration": 14024,
            "state": "passed",
            "speed": "slow",
            "pass": true,
            "fail": false,
            "pending": false,
            "code": "I.click(Settings.limits.buttons.exportEnabled);\nI.seeModal(\n  Settings.modals.exportLimits.container,\n  Settings.modals.exportLimits.config\n);\nawait Settings.setExportLimitsFilters(\n  Settings.limits.dates.withLimits,\n  Settings.limits.dates.withLimits,\n  Bases.OPO,\n  Ranks.PU\n);\nI.clickModalButton(\n  Settings.modals.exportLimits.container,\n  Modal.confirmButton\n);",
            "err": {},
            "isRoot": false,
            "uuid": "6b7541c8-57cb-4465-9e27-6ef3d018ccd2",
            "isHook": false,
            "skipped": false
          },
          {
            "title": "Unable to export limits when no limits are found",
            "fullTitle": "@Settings-INFLIGHT: Unable to export limits when no limits are found",
            "timedOut": false,
            "duration": 14205,
            "state": "passed",
            "speed": "slow",
            "pass": true,
            "fail": false,
            "pending": false,
            "code": "I.click(Settings.limits.buttons.exportEnabled);\nI.seeModal(\n  Settings.modals.exportLimits.container,\n  Settings.modals.exportLimits.config\n);\nawait Settings.setExportLimitsFilters(\n  Settings.limits.dates.withoutLimits,\n  Settings.limits.dates.withoutLimits,\n  Bases.GRO\n);\nI.clickModalButton(\n  Settings.modals.exportLimits.container,\n  Modal.confirmButton,\n  false\n);\nI.waitForText(Settings.strings.exportLimitsError, Settings.elements.toast);",
            "err": {},
            "isRoot": false,
            "uuid": "857204cf-a15c-47bc-a387-0892d48181c4",
            "isHook": false,
            "skipped": false
          }
        ],
        "suites": [],
        "passes": [
          "fb9a4cb7-0576-44df-a033-c39992fa5771",
          "9e3479d8-c897-4582-b8bf-a5f8de7ed018",
          "a9a77ced-2bc8-44e2-b90f-9aea83992863",
          "04cfeed7-1f85-4bc0-915f-bc611093e52a",
          "15cf9f69-7d95-422c-8067-610134d66f75",
          "83f6fddf-6c17-4003-9af5-b84d9c953bd6",
          "75861fde-901d-46ab-8f58-2e1ec3c70bc2",
          "c2349d6b-42d8-4f2c-9425-8c3ef6823b0a",
          "f78c6253-8979-4098-aa0b-8ae4f107dbed",
          "0430e88a-3802-48e7-b214-0993a3c959dc",
          "27955a35-76d7-4478-a413-0c52c55c23a8",
          "e657bb5d-628d-4439-b8c0-4de1019b6c1d",
          "06f56490-e6b8-4293-a252-8fc64f4d986e",
          "74f8f71e-9ae6-4667-bf26-9da3ae93aa92",
          "6754f349-8b50-4280-bf58-0869a7071601",
          "60ab5ece-bea6-4e1e-8500-9223e5590956",
          "cbb9e151-0733-4d3e-aa8c-291f2f797275",
          "6b7541c8-57cb-4465-9e27-6ef3d018ccd2",
          "857204cf-a15c-47bc-a387-0892d48181c4"
        ],
        "failures": [],
        "pending": [],
        "skipped": [],
        "duration": 64743,
        "root": false,
        "rootEmpty": false,
        "_timeout": 0
      }
    ],
    "passes": [],
    "failures": [],
    "pending": [],
    "skipped": [],
    "duration": 0,
    "root": true,
    "rootEmpty": true,
    "_timeout": 0
  },
  "copyrightYear": 2021
}