{
  "stats": {
    "suites": 1,
    "tests": 6,
    "passes": 6,
    "pending": 0,
    "failures": 0,
    "start": "2021-07-12T14:06:43.445Z",
    "end": "2021-07-12T14:07:58.237Z",
    "duration": 74792,
    "testsRegistered": 6,
    "passPercent": 100,
    "pendingPercent": 0,
    "other": 0,
    "hasOther": false,
    "skipped": 0,
    "hasSkipped": false,
    "passPercentClass": "success",
    "pendingPercentClass": "danger"
  },
  "suites": {
    "uuid": "99f2b2ca-1c7f-437f-b9bd-df43175b384c",
    "title": "",
    "fullFile": "",
    "file": "",
    "beforeHooks": [],
    "afterHooks": [],
    "tests": [],
    "suites": [
      {
        "uuid": "d37e8897-a27f-43bf-9566-6386752f6a21",
        "title": "@Dashboard",
        "fullFile": "/Users/felicianot/Projects/annual-leave-fe/e2e/features/2-dashboard.e2e-spec.js",
        "file": "/e2e/features/2-dashboard.e2e-spec.js",
        "beforeHooks": [
          {
            "title": "\"before all\" hook: codeceptjs.beforeSuite",
            "fullTitle": "@Dashboard \"before all\" hook: codeceptjs.beforeSuite",
            "timedOut": false,
            "duration": 4831,
            "pass": false,
            "fail": false,
            "pending": false,
            "code": "scenario.suiteSetup(suite)",
            "err": {},
            "isRoot": false,
            "uuid": "36970f27-d94a-43e1-8579-4f15f9d4936e",
            "isHook": true,
            "skipped": false
          },
          {
            "title": "\"before all\" hook: BeforeSuite",
            "fullTitle": "@Dashboard \"before all\" hook: BeforeSuite",
            "timedOut": false,
            "duration": 5975,
            "pass": false,
            "fail": false,
            "pending": false,
            "code": "await DB.presetDashboard();\nI.loginWithCookie(await I.getAuthCookie());",
            "err": {},
            "isRoot": false,
            "uuid": "64f543d0-7681-4f3d-99aa-cfd27135df74",
            "isHook": true,
            "skipped": false
          },
          {
            "title": "\"before each\" hook: codeceptjs.before",
            "fullTitle": "@Dashboard \"before each\" hook: codeceptjs.before",
            "timedOut": false,
            "duration": 0,
            "pass": false,
            "fail": false,
            "pending": false,
            "code": "scenario.setup(suite)",
            "err": {},
            "isRoot": false,
            "uuid": "e952a1b9-b289-4426-9ba3-c36686489f1d",
            "isHook": true,
            "skipped": false
          },
          {
            "title": "\"before each\" hook: Before",
            "fullTitle": "@Dashboard \"before each\" hook: Before",
            "timedOut": false,
            "duration": 2531,
            "pass": false,
            "fail": false,
            "pending": false,
            "code": "I.amOnPage('/dashboard');",
            "err": {},
            "isRoot": false,
            "uuid": "21d41583-af34-4e17-97f5-b6bb0ef0d9e4",
            "isHook": true,
            "skipped": false
          }
        ],
        "afterHooks": [
          {
            "title": "\"after all\" hook: AfterSuite",
            "fullTitle": "@Dashboard \"after all\" hook: AfterSuite",
            "timedOut": false,
            "duration": 34482,
            "pass": false,
            "fail": false,
            "pending": false,
            "code": "await DB.resetDashboard();\nI.clearCookies();",
            "err": {},
            "isRoot": false,
            "uuid": "d575f421-bf04-4b9c-8368-bc8f51d7ced0",
            "isHook": true,
            "skipped": false
          },
          {
            "title": "\"after all\" hook: codeceptjs.afterSuite",
            "fullTitle": "@Dashboard \"after all\" hook: codeceptjs.afterSuite",
            "timedOut": false,
            "duration": 0,
            "pass": false,
            "fail": false,
            "pending": false,
            "code": "scenario.suiteTeardown(suite)",
            "err": {},
            "isRoot": false,
            "uuid": "ee226fbe-0e0e-461d-8a94-4582cded6b30",
            "isHook": true,
            "skipped": false
          },
          {
            "title": "\"after each\" hook: finalize codeceptjs",
            "fullTitle": "@Dashboard \"after each\" hook: finalize codeceptjs",
            "timedOut": false,
            "duration": 506,
            "pass": false,
            "fail": false,
            "pending": false,
            "code": "scenario.teardown(suite)",
            "err": {},
            "isRoot": false,
            "uuid": "0b64207e-2e52-494e-a3bc-709354a87380",
            "isHook": true,
            "skipped": false
          }
        ],
        "tests": [
          {
            "title": "Able to filter by a different base",
            "fullTitle": "@Dashboard: Able to filter by a different base",
            "timedOut": false,
            "duration": 2957,
            "state": "passed",
            "speed": "slow",
            "pass": true,
            "fail": false,
            "pending": false,
            "code": "I.fillAutocomplete(Dashboard.fields.base.container, Bases.MAD);\nI.waitForInvisible(Dashboard.elements.loader);\nI.seeElement(Dashboard.table.row);\nI.onlySeePattern(I.exclusivePattern(Bases.MAD), Dashboard.table.columns.base);",
            "err": {},
            "isRoot": false,
            "uuid": "57b32bca-9dc2-47e0-b4bb-5801722b0f67",
            "isHook": false,
            "skipped": false
          },
          {
            "title": "Able to filter by a different rank",
            "fullTitle": "@Dashboard: Able to filter by a different rank",
            "timedOut": false,
            "duration": 1147,
            "state": "passed",
            "speed": "slow",
            "pass": true,
            "fail": false,
            "pending": false,
            "code": "I.switchSelectOption(Dashboard.fields.rank, Ranks.FO);\nI.waitForInvisible(Dashboard.elements.loader);\nI.seeElement(Dashboard.table.row);\nI.onlySeePattern(I.exclusivePattern(Ranks.FO), Dashboard.table.columns.rank);",
            "err": {},
            "isRoot": false,
            "uuid": "20494e99-98df-4628-8793-88e01c97ef92",
            "isHook": false,
            "skipped": false
          },
          {
            "title": "Able to filter by a different AL Code",
            "fullTitle": "@Dashboard: Able to filter by a different AL Code",
            "timedOut": false,
            "duration": 1102,
            "state": "passed",
            "speed": "slow",
            "pass": true,
            "fail": false,
            "pending": false,
            "code": "I.switchSelectOption(Dashboard.fields.alCode, ALCodes.CTO);\nI.waitForInvisible(Dashboard.elements.loader);\nI.seeElement(Dashboard.table.row);\nI.onlySeePattern(\n  I.exclusivePattern(ALCodes.CTO),\n  Dashboard.table.columns.alCode\n);",
            "err": {},
            "isRoot": false,
            "uuid": "40e1d0b2-dc6a-47b6-9fdc-f677425639cd",
            "isHook": false,
            "skipped": false
          },
          {
            "title": "Able to switch tabs",
            "fullTitle": "@Dashboard: Able to switch tabs",
            "timedOut": false,
            "duration": 1521,
            "state": "passed",
            "speed": "slow",
            "pass": true,
            "fail": false,
            "pending": false,
            "code": "I.click(Dashboard.tabs.requestsMissingInNetline);\nI.waitForInvisible(Dashboard.elements.loader);\nI.seeElement(Dashboard.getActiveTab(Dashboard.tabs.requestsMissingInNetline));\nI.click(Dashboard.tabs.didntApplyForAl);\nI.waitForInvisible(Dashboard.elements.loader);\nI.seeElement(Dashboard.getActiveTab(Dashboard.tabs.didntApplyForAl));",
            "err": {},
            "isRoot": false,
            "uuid": "7672e5f7-bf72-4aa0-a58e-e37f76ee1bb9",
            "isHook": false,
            "skipped": false
          },
          {
            "title": "Able to filter by crewcode",
            "fullTitle": "@Dashboard: Able to filter by crewcode",
            "timedOut": false,
            "duration": 3206,
            "state": "passed",
            "speed": "slow",
            "pass": true,
            "fail": false,
            "pending": false,
            "code": "const crewCodes = await I.grabTextFrom(Dashboard.table.columns.crewCode);\nI.fillAutocomplete(Dashboard.fields.crewCode, crewCodes[0]);\nI.waitForInvisible(Dashboard.elements.loader);\nI.onlySeePattern(\n  I.exclusivePattern(crewCodes[0]),\n  Dashboard.table.columns.crewCode\n);",
            "err": {},
            "isRoot": false,
            "uuid": "5c0567bd-7144-4399-99e4-e05771281507",
            "isHook": false,
            "skipped": false
          },
          {
            "title": "Able to dismiss a record",
            "fullTitle": "@Dashboard: Able to dismiss a record",
            "timedOut": false,
            "duration": 530,
            "state": "passed",
            "speed": "slow",
            "pass": true,
            "fail": false,
            "pending": false,
            "code": "I.click(Dashboard.buttons.dismissRecord);\nI.waitForInvisible(Dashboard.elements.loader);\nI.seeElement(Dashboard.elements.toast);",
            "err": {},
            "isRoot": false,
            "uuid": "71fa6bc3-d42e-4bef-ad49-86e42c01ab57",
            "isHook": false,
            "skipped": false
          }
        ],
        "suites": [],
        "passes": [
          "57b32bca-9dc2-47e0-b4bb-5801722b0f67",
          "20494e99-98df-4628-8793-88e01c97ef92",
          "40e1d0b2-dc6a-47b6-9fdc-f677425639cd",
          "7672e5f7-bf72-4aa0-a58e-e37f76ee1bb9",
          "5c0567bd-7144-4399-99e4-e05771281507",
          "71fa6bc3-d42e-4bef-ad49-86e42c01ab57"
        ],
        "failures": [],
        "pending": [],
        "skipped": [],
        "duration": 10463,
        "root": false,
        "rootEmpty": false,
        "_timeout": 0
      }
    ],
    "passes": [],
    "failures": [],
    "pending": [],
    "skipped": [],
    "duration": 0,
    "root": true,
    "rootEmpty": true,
    "_timeout": 0
  },
  "copyrightYear": 2021
}