{
  "stats": {
    "suites": 2,
    "tests": 79,
    "passes": 79,
    "pending": 0,
    "failures": 0,
    "start": "2021-07-12T14:06:43.475Z",
    "end": "2021-07-12T14:21:09.703Z",
    "duration": 866228,
    "testsRegistered": 79,
    "passPercent": 100,
    "pendingPercent": 0,
    "other": 0,
    "hasOther": false,
    "skipped": 0,
    "hasSkipped": false,
    "passPercentClass": "success",
    "pendingPercentClass": "danger"
  },
  "suites": {
    "uuid": "58db5e4a-db43-4289-89db-9ce6cd3b3244",
    "title": "",
    "fullFile": "",
    "file": "",
    "beforeHooks": [],
    "afterHooks": [],
    "tests": [],
    "suites": [
      {
        "uuid": "afb2fe33-2d28-446f-b1d0-b881541e8e0f",
        "title": "@Calendar",
        "fullFile": "/Users/felicianot/Projects/annual-leave-fe/e2e/features/3-calendar.e2e-spec.js",
        "file": "/e2e/features/3-calendar.e2e-spec.js",
        "beforeHooks": [
          {
            "title": "\"before all\" hook: codeceptjs.beforeSuite",
            "fullTitle": "@Calendar \"before all\" hook: codeceptjs.beforeSuite",
            "timedOut": false,
            "duration": 4802,
            "pass": false,
            "fail": false,
            "pending": false,
            "code": "scenario.suiteSetup(suite)",
            "err": {},
            "isRoot": false,
            "uuid": "73b3d670-7f3a-4a92-b5e1-98d6461fc5d8",
            "isHook": true,
            "skipped": false
          },
          {
            "title": "\"before all\" hook: BeforeSuite",
            "fullTitle": "@Calendar \"before all\" hook: BeforeSuite",
            "timedOut": false,
            "duration": 36277,
            "pass": false,
            "fail": false,
            "pending": false,
            "code": "I.loginWithCookie(await I.getAuthCookie());\nawait Calendar.presetCalendar();",
            "err": {},
            "isRoot": false,
            "uuid": "f467948c-d11f-482b-beda-465190aa63bd",
            "isHook": true,
            "skipped": false
          },
          {
            "title": "\"before each\" hook: codeceptjs.before",
            "fullTitle": "@Calendar \"before each\" hook: codeceptjs.before",
            "timedOut": false,
            "duration": 0,
            "pass": false,
            "fail": false,
            "pending": false,
            "code": "scenario.setup(suite)",
            "err": {},
            "isRoot": false,
            "uuid": "2259386e-6d6a-4c2b-9d99-db75a4f18131",
            "isHook": true,
            "skipped": false
          },
          {
            "title": "\"before each\" hook: Before",
            "fullTitle": "@Calendar \"before each\" hook: Before",
            "timedOut": false,
            "duration": 2524,
            "pass": false,
            "fail": false,
            "pending": false,
            "code": "I.amOnPage('/calendar');",
            "err": {},
            "isRoot": false,
            "uuid": "e28bcb94-ecab-40d1-ae3b-4921a7d2cc3f",
            "isHook": true,
            "skipped": false
          }
        ],
        "afterHooks": [
          {
            "title": "\"after all\" hook: AfterSuite",
            "fullTitle": "@Calendar \"after all\" hook: AfterSuite",
            "timedOut": false,
            "duration": 1984,
            "pass": false,
            "fail": false,
            "pending": false,
            "code": "await Calendar.resetCalendar();\nI.clearCookies();",
            "err": {},
            "isRoot": false,
            "uuid": "ed7d5b1e-c320-4270-b25c-060f2c0bc211",
            "isHook": true,
            "skipped": false
          },
          {
            "title": "\"after all\" hook: codeceptjs.afterSuite",
            "fullTitle": "@Calendar \"after all\" hook: codeceptjs.afterSuite",
            "timedOut": false,
            "duration": 0,
            "pass": false,
            "fail": false,
            "pending": false,
            "code": "scenario.suiteTeardown(suite)",
            "err": {},
            "isRoot": false,
            "uuid": "6a0b4f1f-72c9-4060-aa6d-2acad4bf0d02",
            "isHook": true,
            "skipped": false
          },
          {
            "title": "\"after each\" hook: finalize codeceptjs",
            "fullTitle": "@Calendar \"after each\" hook: finalize codeceptjs",
            "timedOut": false,
            "duration": 506,
            "pass": false,
            "fail": false,
            "pending": false,
            "code": "scenario.teardown(suite)",
            "err": {},
            "isRoot": false,
            "uuid": "00c74d91-d51a-4508-b51d-87b9a321e045",
            "isHook": true,
            "skipped": false
          }
        ],
        "tests": [
          {
            "title": "Go back and forward one year",
            "fullTitle": "@Calendar: Go back and forward one year",
            "timedOut": false,
            "duration": 1859,
            "state": "passed",
            "speed": "slow",
            "pass": true,
            "fail": false,
            "pending": false,
            "code": "I.see(Dates.year.current, Calendar.filters.selectedYear);\nI.click(Calendar.buttons.decrementYear);\nI.see(Dates.year.previous, Calendar.filters.selectedYear);\nI.click(Calendar.buttons.incrementYear);\nI.see(Dates.year.current, Calendar.filters.selectedYear);\nI.click(Calendar.buttons.incrementYear);\nI.see(Dates.year.next, Calendar.filters.selectedYear);",
            "err": {},
            "isRoot": false,
            "uuid": "aeb24cb0-e61a-402a-87b2-81322e15d3e7",
            "isHook": false,
            "skipped": false
          },
          {
            "title": "ACE base and CP rank are selected by default",
            "fullTitle": "@Calendar: ACE base and CP rank are selected by default",
            "timedOut": false,
            "duration": 27,
            "state": "passed",
            "speed": "fast",
            "pass": true,
            "fail": false,
            "pending": false,
            "code": "I.seeInField(Calendar.filters.base.input, Bases.ACE);\nI.see(Ranks.CP, Calendar.filters.rank);",
            "err": {},
            "isRoot": false,
            "uuid": "153a5fd4-4352-488d-b775-25e9fdd35f2b",
            "isHook": false,
            "skipped": false
          },
          {
            "title": "Able to select CP or FO from the rank dropdown",
            "fullTitle": "@Calendar: Able to select CP or FO from the rank dropdown",
            "timedOut": false,
            "duration": 4167,
            "state": "passed",
            "speed": "slow",
            "pass": true,
            "fail": false,
            "pending": false,
            "code": "I.switchToRank(Ranks.FO);\nI.switchToRank(Ranks.CP);",
            "err": {},
            "isRoot": false,
            "uuid": "3aba1bd0-5eb7-42c3-adfc-7b73cd63316f",
            "isHook": false,
            "skipped": false
          },
          {
            "title": "Not able to select past dates",
            "fullTitle": "@Calendar: Not able to select past dates",
            "timedOut": false,
            "duration": 567,
            "state": "passed",
            "speed": "slow",
            "pass": true,
            "fail": false,
            "pending": false,
            "code": "await Calendar.selectDate(Dates.raw.yesterday);\nI.dontSeeElement(Calendar.weekDays.firstSelected);",
            "err": {},
            "isRoot": false,
            "uuid": "8cb7225c-de89-4da1-b9e5-aad9c9be2efe",
            "isHook": false,
            "skipped": false
          },
          {
            "title": "Able to select future dates starting today",
            "fullTitle": "@Calendar: Able to select future dates starting today",
            "timedOut": false,
            "duration": 3465,
            "state": "passed",
            "speed": "slow",
            "pass": true,
            "fail": false,
            "pending": false,
            "code": "I.fillAutocomplete(Calendar.filters.base.container, Bases.TFS);\nawait Calendar.selectDate(Dates.raw.today);\nI.waitForElement(Calendar.weekDays.firstSelected, 2);",
            "err": {},
            "isRoot": false,
            "uuid": "d26e883b-48d8-40fa-b826-34f56e5d9a13",
            "isHook": false,
            "skipped": false
          },
          {
            "title": "Able to select different bases",
            "fullTitle": "@Calendar: Able to select different bases",
            "timedOut": false,
            "duration": 5708,
            "state": "passed",
            "speed": "slow",
            "pass": true,
            "fail": false,
            "pending": false,
            "code": "I.fillAutocomplete(Calendar.filters.base.container, Bases.MAD);\nI.fillAutocomplete(Calendar.filters.base.container, Bases.DUB);",
            "err": {},
            "isRoot": false,
            "uuid": "b8beeb26-3413-42a5-96f2-81eac725e247",
            "isHook": false,
            "skipped": false
          },
          {
            "title": "Able to select dates and make changes to my selection",
            "fullTitle": "@Calendar: Able to select dates and make changes to my selection",
            "timedOut": false,
            "duration": 6186,
            "state": "passed",
            "speed": "slow",
            "pass": true,
            "fail": false,
            "pending": false,
            "code": "I.fillAutocomplete(Calendar.filters.base.container, Bases.ZAD);\nawait Calendar.selectDateRange(Dates.raw.today, Dates.raw.inFiveDays);\nI.waitNumberOfVisibleElements(Calendar.weekDays.secondSelected, 1);\nawait Calendar.selectDateRange(Dates.raw.inFiveDays, Dates.raw.inEightDays);\nI.waitNumberOfVisibleElements(Calendar.weekDays.secondSelected, 1);\nawait Calendar.selectDateRange(Dates.raw.today, Dates.raw.today);\nI.waitNumberOfVisibleElements(Calendar.weekDays.secondSelected, 1);",
            "err": {},
            "isRoot": false,
            "uuid": "e806e505-8916-4692-aed5-ff84fd9cd50e",
            "isHook": false,
            "skipped": false
          },
          {
            "title": "Save button should be disabled when no selected dates on calendar",
            "fullTitle": "@Calendar: Save button should be disabled when no selected dates on calendar",
            "timedOut": false,
            "duration": 3968,
            "state": "passed",
            "speed": "slow",
            "pass": true,
            "fail": false,
            "pending": false,
            "code": "I.fillAutocomplete(Calendar.filters.base.container, Bases.SUF);\nI.waitForElement(Calendar.buttons.saveDisabled);\nawait Calendar.selectDateRange(Dates.raw.today, Dates.raw.inFiveDays);\nI.waitForElement(Calendar.buttons.saveEnabled);",
            "err": {},
            "isRoot": false,
            "uuid": "efe31d2c-5cb8-4fd7-acc3-358f9f9f6337",
            "isHook": false,
            "skipped": false
          },
          {
            "title": "Able to save dates only for the selected base",
            "fullTitle": "@Calendar: Able to save dates only for the selected base",
            "timedOut": false,
            "duration": 11884,
            "state": "passed",
            "speed": "slow",
            "pass": true,
            "fail": false,
            "pending": false,
            "code": "await Calendar.saveDateRange(\n  Bases.TSR,\n  Dates.raw.today,\n  Dates.raw.inFiveDays\n);\nI.fillAutocomplete(Calendar.filters.base.container, Bases.WMI);\nI.waitForInvisible(Calendar.weekDays.saved);\nawait Calendar.deleteAndSave(\n  Bases.TSR,\n  Dates.raw.today,\n  CalendarDateStates.SAVED\n);",
            "err": {},
            "isRoot": false,
            "uuid": "b12e71b1-b0f6-4b20-9eaf-9223d9660d4e",
            "isHook": false,
            "skipped": false
          },
          {
            "title": "Able to save dates for CP only",
            "fullTitle": "@Calendar: Able to save dates for CP only",
            "timedOut": false,
            "duration": 6626,
            "state": "passed",
            "speed": "slow",
            "pass": true,
            "fail": false,
            "pending": false,
            "code": "I.fillAutocomplete(Calendar.filters.base.container, Bases.WMI);\nawait Calendar.selectDateRange(Dates.raw.today, Dates.raw.inFiveDays);\nI.seeNumberOfElements(Calendar.weekDays.secondSelected, 1);\nCalendar.save();\nI.waitForElement(Calendar.weekDays.saved, 2);\nI.switchToRank(Ranks.FO);\nI.dontSeeElement(Calendar.weekDays.saved);",
            "err": {},
            "isRoot": false,
            "uuid": "5e3e689f-8b44-4f6b-9f96-02ee5c92fc99",
            "isHook": false,
            "skipped": false
          },
          {
            "title": "Able to save dates for FO only",
            "fullTitle": "@Calendar: Able to save dates for FO only",
            "timedOut": false,
            "duration": 11478,
            "state": "passed",
            "speed": "slow",
            "pass": true,
            "fail": false,
            "pending": false,
            "code": "I.switchToRank(Ranks.FO);\nI.fillAutocomplete(Calendar.filters.base.container, Bases.VLC);\nawait Calendar.selectDateRange(Dates.raw.today, Dates.raw.inFiveDays);\nI.seeNumberOfElements(Calendar.weekDays.secondSelected, 1);\nCalendar.save();\nI.waitForElement(Calendar.weekDays.saved, 2);\nI.switchToRank(Ranks.CP);\nI.fillAutocomplete(Calendar.filters.base.container, Bases.VLC);\nI.dontSeeElement(Calendar.weekDays.saved, 2);",
            "err": {},
            "isRoot": false,
            "uuid": "c68d35fd-c5bc-4256-83b1-6f8078c7ffb0",
            "isHook": false,
            "skipped": false
          },
          {
            "title": "See side panel with date details and delete button",
            "fullTitle": "@Calendar: See side panel with date details and delete button",
            "timedOut": false,
            "duration": 5523,
            "state": "passed",
            "speed": "slow",
            "pass": true,
            "fail": false,
            "pending": false,
            "code": "I.fillAutocomplete(Calendar.filters.base.container, Bases.VLC);\nI.switchToRank(Ranks.FO);\nI.waitForElement(Calendar.weekDays.saved, 2);\nI.seeElement(Calendar.weekDays.saved);\nawait Calendar.selectDate(Dates.raw.today, CalendarDateStates.SAVED);\nI.waitForElement(Calendar.sidenav.container);\nI.seeElement(Calendar.sidenav.details.startDate);\nI.waitForText(Dates.long.today, Calendar.sidenav.details.startDate);\nI.seeElement(Calendar.sidenav.details.endDate);\nI.waitForText(Dates.long.inFiveDays, Calendar.sidenav.details.endDate);\nI.seeElement(Calendar.sidenav.details.status);\nI.waitForText(CalendarDateStates.SAVED, Calendar.sidenav.details.status);\nI.seeElement(Calendar.sidenav.buttons.delete);",
            "err": {},
            "isRoot": false,
            "uuid": "dd9f3023-b39e-4eda-83a1-4056a967b4c3",
            "isHook": false,
            "skipped": false
          },
          {
            "title": "Side panel can be closed by clicking collapse bar",
            "fullTitle": "@Calendar: Side panel can be closed by clicking collapse bar",
            "timedOut": false,
            "duration": 6027,
            "state": "passed",
            "speed": "slow",
            "pass": true,
            "fail": false,
            "pending": false,
            "code": "I.fillAutocomplete(Calendar.filters.base.container, Bases.VLC);\nI.switchToRank(Ranks.FO);\nI.seeElement(Calendar.weekDays.saved);\nawait Calendar.selectDate(Dates.raw.today);\nI.waitForElement(Calendar.sidenav.container);\nI.click(Calendar.sidenav.buttons.collapse);\nI.waitForInvisible(Calendar.sidenav.container);",
            "err": {},
            "isRoot": false,
            "uuid": "f0485eb4-a176-40e3-b8fb-b229de227e16",
            "isHook": false,
            "skipped": false
          },
          {
            "title": "Side panel can be closed by clicking anywhere outside it",
            "fullTitle": "@Calendar: Side panel can be closed by clicking anywhere outside it",
            "timedOut": false,
            "duration": 6070,
            "state": "passed",
            "speed": "slow",
            "pass": true,
            "fail": false,
            "pending": false,
            "code": "I.fillAutocomplete(Calendar.filters.base.container, Bases.VLC);\nI.switchToRank(Ranks.FO);\nI.seeElement(Calendar.weekDays.saved);\nawait Calendar.selectDate(Dates.raw.today);\nI.waitForElement(Calendar.sidenav.container);\nI.click(Calendar.elements.card);\nI.waitForInvisible(Calendar.sidenav.container);",
            "err": {},
            "isRoot": false,
            "uuid": "6733a08e-7783-4128-926b-c47e08f90835",
            "isHook": false,
            "skipped": false
          },
          {
            "title": "Able to save deleted dates",
            "fullTitle": "@Calendar: Able to save deleted dates",
            "timedOut": false,
            "duration": 12244,
            "state": "passed",
            "speed": "slow",
            "pass": true,
            "fail": false,
            "pending": false,
            "code": "I.fillAutocomplete(Calendar.filters.base.container, Bases.VLC);\nI.switchToRank(Ranks.FO);\nI.waitForElement(Calendar.weekDays.saved, 2);\nI.seeElement(Calendar.buttons.saveDisabled);\nawait Calendar.deleteDate(Dates.raw.today);\nCalendar.save();\nI.fillAutocomplete(Calendar.filters.base.container, Bases.ACE);\nI.fillAutocomplete(Calendar.filters.base.container, Bases.VLC);\nI.dontSeeElement(Calendar.weekDays.saved);",
            "err": {},
            "isRoot": false,
            "uuid": "e6411d9f-522b-45ce-bcab-cdf3dc160c0d",
            "isHook": false,
            "skipped": false
          },
          {
            "title": "Dismiss discard unsaved deletion",
            "fullTitle": "@Calendar: Dismiss discard unsaved deletion",
            "timedOut": false,
            "duration": 7468,
            "state": "passed",
            "speed": "slow",
            "pass": true,
            "fail": false,
            "pending": false,
            "code": "await Calendar.saveDateRange(\n  Bases.TSR,\n  Dates.raw.today,\n  Dates.raw.inFiveDays\n);\nI.seeElement(Calendar.buttons.discardDisabled);\nawait Calendar.deleteDate(Dates.raw.today);\nCalendar.discard();\nI.seeModal(Modal.container, Calendar.modals.unsavedChanges);\nI.clickModalButton(Modal.container, Modal.cancelButton);\nI.dontSeeElement(Calendar.weekDays.saved);\nCalendar.save();",
            "err": {},
            "isRoot": false,
            "uuid": "c03b5a0f-9c8f-4b5e-8296-3fea5a5b0171",
            "isHook": false,
            "skipped": false
          },
          {
            "title": "Discard unsaved deletion",
            "fullTitle": "@Calendar: Discard unsaved deletion",
            "timedOut": false,
            "duration": 11224,
            "state": "passed",
            "speed": "slow",
            "pass": true,
            "fail": false,
            "pending": false,
            "code": "await Calendar.saveDateRange(\n  Bases.TSR,\n  Dates.raw.today,\n  Dates.raw.inFiveDays\n);\nI.seeElement(Calendar.weekDays.saved);\nI.seeElement(Calendar.buttons.discardDisabled);\nawait Calendar.deleteDate(Dates.raw.today);\nCalendar.discard();\nI.seeModal(Modal.container, Calendar.modals.unsavedChanges);\nI.clickModalButton(Modal.container, Modal.confirmButton);\nI.seeElement(Calendar.weekDays.saved);\nawait Calendar.deleteAndSave(Bases.TSR, Dates.raw.today);",
            "err": {},
            "isRoot": false,
            "uuid": "db526692-2725-44e6-94fd-bec62e3ce557",
            "isHook": false,
            "skipped": false
          },
          {
            "title": "Discard unsaved selection",
            "fullTitle": "@Calendar: Discard unsaved selection",
            "timedOut": false,
            "duration": 5165,
            "state": "passed",
            "speed": "slow",
            "pass": true,
            "fail": false,
            "pending": false,
            "code": "I.fillAutocomplete(Calendar.filters.base.container, Bases.ZAD);\nI.seeElement(Calendar.buttons.discardDisabled);\nawait Calendar.selectDateRange(Dates.raw.today, Dates.raw.inFiveDays);\nI.seeNumberOfElements(Calendar.weekDays.secondSelected, 1);\nCalendar.discard();\nI.seeModal(Modal.container, Calendar.modals.unsavedChanges);\nI.clickModalButton(Modal.container, Modal.confirmButton);\nI.seeNumberOfElements(Calendar.weekDays.range, 0);",
            "err": {},
            "isRoot": false,
            "uuid": "397cdfc8-969a-44cf-bac0-d94808c6b8f4",
            "isHook": false,
            "skipped": false
          },
          {
            "title": "Dismiss discard unsaved selection",
            "fullTitle": "@Calendar: Dismiss discard unsaved selection",
            "timedOut": false,
            "duration": 5030,
            "state": "passed",
            "speed": "slow",
            "pass": true,
            "fail": false,
            "pending": false,
            "code": "I.fillAutocomplete(Calendar.filters.base.container, Bases.ZAD);\nI.seeElement(Calendar.buttons.discardDisabled);\nawait Calendar.selectDateRange(Dates.raw.today, Dates.raw.inFiveDays);\nI.seeNumberOfElements(Calendar.weekDays.secondSelected, 1);\nCalendar.discard();\nI.seeModal(Modal.container, Calendar.modals.unsavedChanges);\nI.clickModalButton(Modal.container, Modal.cancelButton);\nI.seeNumberOfElements(Calendar.weekDays.secondSelected, 1);",
            "err": {},
            "isRoot": false,
            "uuid": "6435ccf2-34f6-4f23-ba30-70d159ef4c27",
            "isHook": false,
            "skipped": false
          },
          {
            "title": "Dismiss unsaved selection on logout",
            "fullTitle": "@Calendar: Dismiss unsaved selection on logout",
            "timedOut": false,
            "duration": 5865,
            "state": "passed",
            "speed": "slow",
            "pass": true,
            "fail": false,
            "pending": false,
            "code": "I.fillAutocomplete(Calendar.filters.base.container, Bases.ZAD);\nawait Calendar.selectDateRange(Dates.raw.today, Dates.raw.inFiveDays);\nI.seeNumberOfElements(Calendar.weekDays.secondSelected, 1);\nI.logout();\nI.seeModal(Modal.container, Calendar.modals.unsavedChanges);\nI.clickModalButton(Modal.container, Modal.cancelButton);\nI.seeNumberOfElements(Calendar.weekDays.secondSelected, 1);",
            "err": {},
            "isRoot": false,
            "uuid": "3212fcc2-42e8-4413-b98d-dfcf77b1c5ae",
            "isHook": false,
            "skipped": false
          },
          {
            "title": "Confirm unsaved selection on logout",
            "fullTitle": "@Calendar: Confirm unsaved selection on logout",
            "timedOut": false,
            "duration": 13846,
            "state": "passed",
            "speed": "slow",
            "pass": true,
            "fail": false,
            "pending": false,
            "code": "I.fillAutocomplete(Calendar.filters.base.container, Bases.ZAD);\nawait Calendar.selectDateRange(Dates.raw.today, Dates.raw.inFiveDays);\nI.seeNumberOfElements(Calendar.weekDays.secondSelected, 1);\nI.logout();\nI.seeModal(Modal.container, Calendar.modals.unsavedChanges);\nI.clickModalButton(Modal.container, Modal.confirmButton);\nI.clearAuthCookie();\nI.clearCookies();\nI.waitInUrl('auth-gops', 5);\nI.loginWithCookie(await I.getAuthCookie());",
            "err": {},
            "isRoot": false,
            "uuid": "50849f11-1bed-4a6c-9e26-6ee0e2db728f",
            "isHook": false,
            "skipped": false
          },
          {
            "title": "Dismiss unsaved deletion on logout",
            "fullTitle": "@Calendar: Dismiss unsaved deletion on logout",
            "timedOut": false,
            "duration": 7274,
            "state": "passed",
            "speed": "slow",
            "pass": true,
            "fail": false,
            "pending": false,
            "code": "I.fillAutocomplete(Calendar.filters.base.container, Bases.SVQ);\nawait Calendar.selectDateRange(Dates.raw.today, Dates.raw.inFiveDays);\nCalendar.save();\nI.seeElement(Calendar.weekDays.saved);\nawait Calendar.deleteDate(Dates.raw.inFiveDays);\nI.logout();\nI.seeModal(Modal.container, Calendar.modals.unsavedChanges);\nI.clickModalButton(Modal.container, Modal.cancelButton);\nI.dontSeeElement(Calendar.weekDays.saved);",
            "err": {},
            "isRoot": false,
            "uuid": "5bdff84d-d644-4b1f-8113-ced4ff425f0c",
            "isHook": false,
            "skipped": false
          },
          {
            "title": "Confirm unsaved deletion on logout",
            "fullTitle": "@Calendar: Confirm unsaved deletion on logout",
            "timedOut": false,
            "duration": 8248,
            "state": "passed",
            "speed": "slow",
            "pass": true,
            "fail": false,
            "pending": false,
            "code": "I.fillAutocomplete(Calendar.filters.base.container, Bases.SVQ);\nI.waitForElement(Calendar.weekDays.saved);\nawait Calendar.deleteDate(Dates.raw.inFiveDays);\nI.logout();\nI.seeModal(Modal.container, Calendar.modals.unsavedChanges);\nI.clickModalButton(Modal.container, Modal.confirmButton);\nI.clearAuthCookie();\nI.clearCookies();\nI.waitInUrl('auth-gops', 5);\nI.loginWithCookie(await I.getAuthCookie());",
            "err": {},
            "isRoot": false,
            "uuid": "af16a208-b4e4-49e0-981e-8acca1b28ec5",
            "isHook": false,
            "skipped": false
          },
          {
            "title": "Dismiss unsaved selection on leave page",
            "fullTitle": "@Calendar: Dismiss unsaved selection on leave page",
            "timedOut": false,
            "duration": 5241,
            "state": "passed",
            "speed": "slow",
            "pass": true,
            "fail": false,
            "pending": false,
            "code": "I.fillAutocomplete(Calendar.filters.base.container, Bases.ZAD);\nawait Calendar.selectDateRange(Dates.raw.today, Dates.raw.inFiveDays);\nI.seeNumberOfElements(Calendar.weekDays.secondSelected, 1);\nI.click(Navigation.links.requestsLogLinkText, Navigation.elements.menu);\nI.seeModal(Modal.container, Calendar.modals.unsavedChanges);\nI.clickModalButton(Modal.container, Modal.cancelButton);\nI.seeNumberOfElements(Calendar.weekDays.secondSelected, 1);\nI.seeInCurrentUrl(Navigation.pages.calendar);",
            "err": {},
            "isRoot": false,
            "uuid": "49b1a2fd-08c9-4821-9ff7-877a3b035cd4",
            "isHook": false,
            "skipped": false
          },
          {
            "title": "Confirm unsaved selection on leave page",
            "fullTitle": "@Calendar: Confirm unsaved selection on leave page",
            "timedOut": false,
            "duration": 5339,
            "state": "passed",
            "speed": "slow",
            "pass": true,
            "fail": false,
            "pending": false,
            "code": "I.fillAutocomplete(Calendar.filters.base.container, Bases.ZAD);\nawait Calendar.selectDateRange(Dates.raw.today, Dates.raw.inFiveDays);\nI.seeNumberOfElements(Calendar.weekDays.secondSelected, 1);\nI.click(Navigation.links.requestsLogLinkText, Navigation.elements.menu);\nI.seeModal(Modal.container, Calendar.modals.unsavedChanges);\nI.clickModalButton(Modal.container, Modal.confirmButton);\nI.seeNumberOfElements(Calendar.weekDays.range, 0);\nI.seeInCurrentUrl(Navigation.pages.requestsLog);",
            "err": {},
            "isRoot": false,
            "uuid": "6a244e2c-a6ee-4fb6-8c26-a640621ed3cc",
            "isHook": false,
            "skipped": false
          },
          {
            "title": "Dismiss unsaved deletion on leave page",
            "fullTitle": "@Calendar: Dismiss unsaved deletion on leave page",
            "timedOut": false,
            "duration": 6687,
            "state": "passed",
            "speed": "slow",
            "pass": true,
            "fail": false,
            "pending": false,
            "code": "I.fillAutocomplete(Calendar.filters.base.container, Bases.SUF);\nawait Calendar.selectDateRange(Dates.raw.today, Dates.raw.inFiveDays);\nCalendar.save();\nI.seeElement(Calendar.weekDays.saved);\nawait Calendar.deleteDate(Dates.raw.inFiveDays);\nI.click(Navigation.links.requestsLogLinkText, Navigation.elements.menu);\nI.seeModal(Modal.container, Calendar.modals.unsavedChanges);\nI.clickModalButton(Modal.container, Modal.cancelButton);\nI.dontSeeElement(Calendar.weekDays.saved);\nI.seeInCurrentUrl(Navigation.pages.calendar);",
            "err": {},
            "isRoot": false,
            "uuid": "5c8f4014-ab94-4723-9dc8-2e2c6c3c3e85",
            "isHook": false,
            "skipped": false
          },
          {
            "title": "Confirm unsaved deletion on leave page",
            "fullTitle": "@Calendar: Confirm unsaved deletion on leave page",
            "timedOut": false,
            "duration": 5173,
            "state": "passed",
            "speed": "slow",
            "pass": true,
            "fail": false,
            "pending": false,
            "code": "I.fillAutocomplete(Calendar.filters.base.container, Bases.SUF);\nI.waitForElement(Calendar.weekDays.saved);\nawait Calendar.deleteDate(Dates.raw.today);\nI.click(Navigation.links.requestsLogLinkText, Navigation.elements.menu);\nI.seeModal(Modal.container, Calendar.modals.unsavedChanges);\nI.clickModalButton(Modal.container, Modal.confirmButton);\nI.waitToHide(Modal.container);\nI.seeInCurrentUrl(Navigation.pages.requestsLog);",
            "err": {},
            "isRoot": false,
            "uuid": "b377c013-303c-4b2f-85cf-4fd1b2252237",
            "isHook": false,
            "skipped": false
          },
          {
            "title": "Can select a base by typing on autocomplete and hitting enter",
            "fullTitle": "@Calendar: Can select a base by typing on autocomplete and hitting enter",
            "timedOut": false,
            "duration": 1919,
            "state": "passed",
            "speed": "slow",
            "pass": true,
            "fail": false,
            "pending": false,
            "code": "I.click(Calendar.filters.base.input);\nI.fillField(Calendar.filters.base.input, 'du');\nI.see(Bases.DUB, Calendar.filters.base.menuItems);\nI.pressKey('Enter');\nI.seeInField(Calendar.filters.base.input, Bases.DUB);",
            "err": {},
            "isRoot": false,
            "uuid": "564d88a1-e904-45ce-b2b9-75ebcb8fdd1b",
            "isHook": false,
            "skipped": false
          },
          {
            "title": "Able to delete published dates",
            "fullTitle": "@Calendar: Able to delete published dates",
            "timedOut": false,
            "duration": 7301,
            "state": "passed",
            "speed": "slow",
            "pass": true,
            "fail": false,
            "pending": false,
            "code": "I.fillAutocomplete(Calendar.filters.base.container, Bases.VNO);\nawait Calendar.selectDateRange(Dates.raw.today, Dates.raw.inFiveDays);\nCalendar.save();\nCalendar.publish();\nawait Calendar.deleteDate(Dates.raw.inFiveDays);\nCalendar.save();\nCalendar.publish();\nI.dontSeeElement(Calendar.weekDays.saved);\nI.seeNumberOfElements(Calendar.weekDays.published, 0);",
            "err": {},
            "isRoot": false,
            "uuid": "727a7a3f-4d72-4e9b-bdb2-8a58283f85d3",
            "isHook": false,
            "skipped": false
          },
          {
            "title": "Able to save merged adjacent dates",
            "fullTitle": "@Calendar: Able to save merged adjacent dates",
            "timedOut": false,
            "duration": 7839,
            "state": "passed",
            "speed": "slow",
            "pass": true,
            "fail": false,
            "pending": false,
            "code": "I.fillAutocomplete(Calendar.filters.base.container, Bases.VLC);\nawait Calendar.selectDateRange(Dates.raw.today, Dates.raw.inFiveDays);\nCalendar.save();\nI.waitNumberOfVisibleElements(Calendar.weekDays.savedLastDay, 1, 2);\nawait Calendar.selectDateRange(Dates.raw.inEightDays, Dates.raw.inTenDays);\nCalendar.save();\nI.waitNumberOfVisibleElements(Calendar.weekDays.savedLastDay, 2);\nawait Calendar.selectDateRange(Dates.raw.inSixDays, Dates.raw.inSevenDays);\nCalendar.save();\nI.waitNumberOfVisibleElements(Calendar.weekDays.savedLastDay, 1);",
            "err": {},
            "isRoot": false,
            "uuid": "5aed8b86-394f-44b5-b83b-9415343b598e",
            "isHook": false,
            "skipped": false
          },
          {
            "title": "Able to publish merged adjacent dates",
            "fullTitle": "@Calendar: Able to publish merged adjacent dates",
            "timedOut": false,
            "duration": 8861,
            "state": "passed",
            "speed": "slow",
            "pass": true,
            "fail": false,
            "pending": false,
            "code": "I.fillAutocomplete(Calendar.filters.base.container, Bases.VNO);\nawait Calendar.selectDateRange(Dates.raw.today, Dates.raw.inFiveDays);\nCalendar.save();\nI.waitNumberOfVisibleElements(Calendar.weekDays.savedLastDay, 1);\nawait Calendar.selectDateRange(Dates.raw.inEightDays, Dates.raw.inTenDays);\nCalendar.save();\nI.waitNumberOfVisibleElements(Calendar.weekDays.savedLastDay, 2);\nCalendar.publish();\nI.waitNumberOfVisibleElements(Calendar.weekDays.publishedLastDay, 2);\nawait Calendar.selectDateRange(Dates.raw.inSixDays, Dates.raw.inSevenDays);\nCalendar.save();\nI.waitNumberOfVisibleElements(Calendar.weekDays.savedLastDay, 1);\nCalendar.publish();\nI.waitNumberOfVisibleElements(Calendar.weekDays.publishedLastDay, 1);\nI.seeNumberOfElements(Calendar.weekDays.savedLastDay, 0);",
            "err": {},
            "isRoot": false,
            "uuid": "1e43339d-ae80-49b1-8a35-4e2c22bfbdf6",
            "isHook": false,
            "skipped": false
          },
          {
            "title": "Not able to see date range leave types",
            "fullTitle": "@Calendar: Not able to see date range leave types",
            "timedOut": false,
            "duration": 4291,
            "state": "passed",
            "speed": "slow",
            "pass": true,
            "fail": false,
            "pending": false,
            "code": "I.switchToRank(Ranks.FO);\nawait Calendar.selectDateRange(Dates.raw.today, Dates.raw.tomorrow);\nI.waitNumberOfVisibleElements(Calendar.weekDays.secondSelected, 1);\nCalendar.save();\nawait Calendar.selectDate(Dates.raw.today);\nI.seeElement(Calendar.sidenav.details.details);\nI.dontSeeElement(Calendar.sidenav.details.leaveTypes);",
            "err": {},
            "isRoot": false,
            "uuid": "28ec2ab9-cc26-4293-b478-ec90d538b50f",
            "isHook": false,
            "skipped": false
          }
        ],
        "suites": [],
        "passes": [
          "aeb24cb0-e61a-402a-87b2-81322e15d3e7",
          "153a5fd4-4352-488d-b775-25e9fdd35f2b",
          "3aba1bd0-5eb7-42c3-adfc-7b73cd63316f",
          "8cb7225c-de89-4da1-b9e5-aad9c9be2efe",
          "d26e883b-48d8-40fa-b826-34f56e5d9a13",
          "b8beeb26-3413-42a5-96f2-81eac725e247",
          "e806e505-8916-4692-aed5-ff84fd9cd50e",
          "efe31d2c-5cb8-4fd7-acc3-358f9f9f6337",
          "b12e71b1-b0f6-4b20-9eaf-9223d9660d4e",
          "5e3e689f-8b44-4f6b-9f96-02ee5c92fc99",
          "c68d35fd-c5bc-4256-83b1-6f8078c7ffb0",
          "dd9f3023-b39e-4eda-83a1-4056a967b4c3",
          "f0485eb4-a176-40e3-b8fb-b229de227e16",
          "6733a08e-7783-4128-926b-c47e08f90835",
          "e6411d9f-522b-45ce-bcab-cdf3dc160c0d",
          "c03b5a0f-9c8f-4b5e-8296-3fea5a5b0171",
          "db526692-2725-44e6-94fd-bec62e3ce557",
          "397cdfc8-969a-44cf-bac0-d94808c6b8f4",
          "6435ccf2-34f6-4f23-ba30-70d159ef4c27",
          "3212fcc2-42e8-4413-b98d-dfcf77b1c5ae",
          "50849f11-1bed-4a6c-9e26-6ee0e2db728f",
          "5bdff84d-d644-4b1f-8113-ced4ff425f0c",
          "af16a208-b4e4-49e0-981e-8acca1b28ec5",
          "49b1a2fd-08c9-4821-9ff7-877a3b035cd4",
          "6a244e2c-a6ee-4fb6-8c26-a640621ed3cc",
          "5c8f4014-ab94-4723-9dc8-2e2c6c3c3e85",
          "b377c013-303c-4b2f-85cf-4fd1b2252237",
          "564d88a1-e904-45ce-b2b9-75ebcb8fdd1b",
          "727a7a3f-4d72-4e9b-bdb2-8a58283f85d3",
          "5aed8b86-394f-44b5-b83b-9415343b598e",
          "1e43339d-ae80-49b1-8a35-4e2c22bfbdf6",
          "28ec2ab9-cc26-4293-b478-ec90d538b50f"
        ],
        "failures": [],
        "pending": [],
        "skipped": [],
        "duration": 202570,
        "root": false,
        "rootEmpty": false,
        "_timeout": 0
      },
      {
        "uuid": "297fea5f-94fb-42a8-a5a9-c7d60b63eb84",
        "title": "@Settings",
        "fullFile": "/Users/felicianot/Projects/annual-leave-fe/e2e/features/8-settings.e2e-spec.js",
        "file": "/e2e/features/8-settings.e2e-spec.js",
        "beforeHooks": [
          {
            "title": "\"before all\" hook: codeceptjs.beforeSuite",
            "fullTitle": "@Settings \"before all\" hook: codeceptjs.beforeSuite",
            "timedOut": false,
            "duration": 2166,
            "pass": false,
            "fail": false,
            "pending": false,
            "code": "scenario.suiteSetup(suite)",
            "err": {},
            "isRoot": false,
            "uuid": "d7d7cf43-5489-4d61-98f8-a17e8a142483",
            "isHook": true,
            "skipped": false
          },
          {
            "title": "\"before all\" hook: BeforeSuite",
            "fullTitle": "@Settings \"before all\" hook: BeforeSuite",
            "timedOut": false,
            "duration": 11525,
            "pass": false,
            "fail": false,
            "pending": false,
            "code": "I.loginWithCookie(await I.getAuthCookie());\nawait Settings.presetSettings();",
            "err": {},
            "isRoot": false,
            "uuid": "f0a8429f-5e10-41bc-b51a-7d18bf6742c6",
            "isHook": true,
            "skipped": false
          },
          {
            "title": "\"before each\" hook: codeceptjs.before",
            "fullTitle": "@Settings \"before each\" hook: codeceptjs.before",
            "timedOut": false,
            "duration": 1,
            "pass": false,
            "fail": false,
            "pending": false,
            "code": "scenario.setup(suite)",
            "err": {},
            "isRoot": false,
            "uuid": "9b87a692-1141-4e6d-9097-64b5ce7c3600",
            "isHook": true,
            "skipped": false
          },
          {
            "title": "\"before each\" hook: Before",
            "fullTitle": "@Settings \"before each\" hook: Before",
            "timedOut": false,
            "duration": 2546,
            "pass": false,
            "fail": false,
            "pending": false,
            "code": "I.amOnPage('/settings');",
            "err": {},
            "isRoot": false,
            "uuid": "a650c52e-0d8a-481d-9853-d85382c8a7f3",
            "isHook": true,
            "skipped": false
          }
        ],
        "afterHooks": [
          {
            "title": "\"after all\" hook: AfterSuite",
            "fullTitle": "@Settings \"after all\" hook: AfterSuite",
            "timedOut": false,
            "duration": 4622,
            "pass": false,
            "fail": false,
            "pending": false,
            "code": "await Settings.resetSettings();\nI.clearCookies();",
            "err": {},
            "isRoot": false,
            "uuid": "8f53bdb8-0a3b-45cb-bd28-2ef341e930cb",
            "isHook": true,
            "skipped": false
          },
          {
            "title": "\"after all\" hook: codeceptjs.afterSuite",
            "fullTitle": "@Settings \"after all\" hook: codeceptjs.afterSuite",
            "timedOut": false,
            "duration": 0,
            "pass": false,
            "fail": false,
            "pending": false,
            "code": "scenario.suiteTeardown(suite)",
            "err": {},
            "isRoot": false,
            "uuid": "cd6d3798-b689-4c58-86cb-87ea256e1408",
            "isHook": true,
            "skipped": false
          },
          {
            "title": "\"after each\" hook: finalize codeceptjs",
            "fullTitle": "@Settings \"after each\" hook: finalize codeceptjs",
            "timedOut": false,
            "duration": 505,
            "pass": false,
            "fail": false,
            "pending": false,
            "code": "scenario.teardown(suite)",
            "err": {},
            "isRoot": false,
            "uuid": "25d137b7-f5d7-420d-8151-f2ec6e5d946e",
            "isHook": true,
            "skipped": false
          }
        ],
        "tests": [
          {
            "title": "Save button is disabled again if initial value",
            "fullTitle": "@Settings: Save button is disabled again if initial value",
            "timedOut": false,
            "duration": 17673,
            "state": "passed",
            "speed": "slow",
            "pass": true,
            "fail": false,
            "pending": false,
            "code": "I.seeElement(Settings.regions.buttons.saveDisabled);\nSettings.createRegion(Regions.E2ERegion1);\nI.waitForElement(Settings.regions.buttons.saveEnabled);\nSettings.createMobileBase(Bases.MOBILE_BASE, Regions.E2ERegion1);\nSettings.moveBase(Bases.MOBILE_BASE, Regions.E2ERegion1, Regions.E2ERegion3);\nSettings.moveBase(Bases.MOBILE_BASE, Regions.E2ERegion3, Regions.E2ERegion1);\nSettings.removeBase(Bases.MOBILE_BASE, Regions.E2ERegion1);\nSettings.removeRegion(Regions.E2ERegion1);\nI.waitForElement(Settings.regions.buttons.saveDisabled);",
            "err": {},
            "isRoot": false,
            "uuid": "863277b0-56f1-41cc-9822-381a5b96d081",
            "isHook": false,
            "skipped": false
          },
          {
            "title": "Able to create a new region",
            "fullTitle": "@Settings: Able to create a new region",
            "timedOut": false,
            "duration": 7084,
            "state": "passed",
            "speed": "slow",
            "pass": true,
            "fail": false,
            "pending": false,
            "code": "Settings.createRegion(Regions.E2ERegion1);\nSettings.saveRegions();\nSettings.switchRegion1(Regions.E2ERegion1);",
            "err": {},
            "isRoot": false,
            "uuid": "6cb8c5f4-956b-4bc4-ab01-665456719850",
            "isHook": false,
            "skipped": false
          },
          {
            "title": "Able to create a new base just for the selected rank",
            "fullTitle": "@Settings: Able to create a new base just for the selected rank",
            "timedOut": false,
            "duration": 6433,
            "state": "passed",
            "speed": "slow",
            "pass": true,
            "fail": false,
            "pending": false,
            "code": "Settings.createMobileBase(Bases.MOBILE_BASE, Regions.E2ERegion1);\nSettings.saveRegions();\nI.waitForText(Bases.MOBILE_BASE, Settings.regions.fields.list1);\nSettings.switchRank1(Ranks.CP);\nI.dontSee(Bases.MOBILE_BASE, Settings.regions.fields.list1);",
            "err": {},
            "isRoot": false,
            "uuid": "9bed010e-2412-4b0a-89f1-707a076e9092",
            "isHook": false,
            "skipped": false
          },
          {
            "title": "Able to move a base to a different region",
            "fullTitle": "@Settings: Able to move a base to a different region",
            "timedOut": false,
            "duration": 11927,
            "state": "passed",
            "speed": "slow",
            "pass": true,
            "fail": false,
            "pending": false,
            "code": "Settings.createRegion(Regions.E2ERegion2);\nSettings.saveRegions();\nSettings.moveBase(Bases.MOBILE_BASE, Regions.E2ERegion1, Regions.E2ERegion2);\nSettings.saveRegions();\nSettings.switchRegion1(Regions.E2ERegion1);\nSettings.switchRegion2(Regions.E2ERegion2);\nI.dontSee(Bases.MOBILE_BASE, Settings.regions.fields.list1);\nI.see(Bases.MOBILE_BASE, Settings.regions.fields.list2);",
            "err": {},
            "isRoot": false,
            "uuid": "7a122582-50f6-44f1-8926-bfc85c6a8296",
            "isHook": false,
            "skipped": false
          },
          {
            "title": "Able to remove a base",
            "fullTitle": "@Settings: Able to remove a base",
            "timedOut": false,
            "duration": 3019,
            "state": "passed",
            "speed": "slow",
            "pass": true,
            "fail": false,
            "pending": false,
            "code": "Settings.removeBase(Bases.MOBILE_BASE, Regions.E2ERegion2);\nSettings.saveRegions();",
            "err": {},
            "isRoot": false,
            "uuid": "a6954074-2a64-4a3f-9f25-6954bbcfbc41",
            "isHook": false,
            "skipped": false
          },
          {
            "title": "Able to remove a region",
            "fullTitle": "@Settings: Able to remove a region",
            "timedOut": false,
            "duration": 2991,
            "state": "passed",
            "speed": "slow",
            "pass": true,
            "fail": false,
            "pending": false,
            "code": "Settings.removeRegion(Regions.E2ERegion1);\nSettings.saveRegions();",
            "err": {},
            "isRoot": false,
            "uuid": "4f995aa6-74bc-45d8-89a4-a474f1650af6",
            "isHook": false,
            "skipped": false
          },
          {
            "title": "Save button is disabled again if initial value",
            "fullTitle": "@Settings: Save button is disabled again if initial value",
            "timedOut": false,
            "duration": 1505,
            "state": "passed",
            "speed": "slow",
            "pass": true,
            "fail": false,
            "pending": false,
            "code": "I.seeElement(Settings.groupsPriority.buttons.saveDisabled);\nI.dragAndDrop(\n  Settings.groupsPriority.groups.A,\n  Settings.groupsPriority.groups.B\n);\nI.waitForElement(Settings.groupsPriority.buttons.saveEnabled);\nI.dragAndDrop(\n  Settings.groupsPriority.groups.A,\n  Settings.groupsPriority.groups.B\n);\nI.waitForElement(Settings.groupsPriority.buttons.saveDisabled);",
            "err": {},
            "isRoot": false,
            "uuid": "a804e34e-7690-40b6-b3a0-dc286a2795c0",
            "isHook": false,
            "skipped": false
          },
          {
            "title": "Able to see groups priority for different bases",
            "fullTitle": "@Settings: Able to see groups priority for different bases",
            "timedOut": false,
            "duration": 4152,
            "state": "passed",
            "speed": "slow",
            "pass": true,
            "fail": false,
            "pending": false,
            "code": "const firstBase = await I.grabValueFrom(\n  Settings.groupsPriority.fields.base.input\n);\nawait I.seeTextWithLength(firstBase, 3);\nI.seeBefore(Settings.groupsPriority.item, Groups.A, Groups.B);\nI.seeBefore(Settings.groupsPriority.item, Groups.B, Groups.C);\nI.selectNextInAutocomplete(Settings.groupsPriority.fields.base.container);\nconst secondBase = await I.grabValueFrom(\n  Settings.groupsPriority.fields.base.input\n);\nawait I.seeTextWithLength(secondBase, 3);\nI.seeBefore(Settings.groupsPriority.item, Groups.C, Groups.B);\nI.seeBefore(Settings.groupsPriority.item, Groups.B, Groups.A);",
            "err": {},
            "isRoot": false,
            "uuid": "da6e04d5-d52c-4041-9722-92e90d298bc9",
            "isHook": false,
            "skipped": false
          },
          {
            "title": "Able to save new groups priority",
            "fullTitle": "@Settings: Able to save new groups priority",
            "timedOut": false,
            "duration": 1363,
            "state": "passed",
            "speed": "slow",
            "pass": true,
            "fail": false,
            "pending": false,
            "code": "I.seeElement(Settings.groupsPriority.buttons.saveDisabled);\nI.seeBefore(Settings.groupsPriority.item, Groups.A, Groups.B);\nI.seeBefore(Settings.groupsPriority.item, Groups.B, Groups.C);\nI.dragAndDrop(\n  Settings.groupsPriority.groups.A,\n  Settings.groupsPriority.groups.B\n);\nSettings.saveGroupsPriority();\nI.seeBefore(Settings.groupsPriority.item, Groups.B, Groups.A);\nI.seeBefore(Settings.groupsPriority.item, Groups.A, Groups.C);",
            "err": {},
            "isRoot": false,
            "uuid": "dc451a5c-3f84-4223-bd38-1533a05a395d",
            "isHook": false,
            "skipped": false
          },
          {
            "title": "Able to search bases",
            "fullTitle": "@Settings: Able to search bases",
            "timedOut": false,
            "duration": 2484,
            "state": "passed",
            "speed": "slow",
            "pass": true,
            "fail": false,
            "pending": false,
            "code": "I.see(Bases.ACE, Settings.basesAvailability.columns.base);\nI.fillField(Settings.basesAvailability.fields.search, Bases.DUB);\nI.dontSee(Bases.ACE, Settings.basesAvailability.columns.base);\nI.see(Bases.DUB, Settings.basesAvailability.columns.base);",
            "err": {},
            "isRoot": false,
            "uuid": "82829f8a-056c-4fd2-b7e2-b53382b3803b",
            "isHook": false,
            "skipped": false
          },
          {
            "title": "Save button is disabled again if initial value",
            "fullTitle": "@Settings: Save button is disabled again if initial value",
            "timedOut": false,
            "duration": 3169,
            "state": "passed",
            "speed": "slow",
            "pass": true,
            "fail": false,
            "pending": false,
            "code": "I.seeElement(Settings.basesAvailability.buttons.saveDisabled);\nSettings.searchByBase(Bases.ACE);\nI.click(Settings.basesAvailability.toggles.blockLeaveChecked);\nI.seeElement(Settings.basesAvailability.fields.yearDisabled);\nI.seeElement(Settings.basesAvailability.buttons.saveEnabled);\nI.click(Settings.basesAvailability.toggles.blockLeave);\nI.seeElement(Settings.basesAvailability.fields.year);\nI.seeElement(Settings.basesAvailability.buttons.saveDisabled);",
            "err": {},
            "isRoot": false,
            "uuid": "861fd813-01e1-43bb-951d-88e4a5f1de54",
            "isHook": false,
            "skipped": false
          },
          {
            "title": "Enabling block leave disables both priority and standard",
            "fullTitle": "@Settings: Enabling block leave disables both priority and standard",
            "timedOut": false,
            "duration": 2807,
            "state": "passed",
            "speed": "slow",
            "pass": true,
            "fail": false,
            "pending": false,
            "code": "Settings.searchByBase(Bases.DUB);\nI.seeElement(Settings.basesAvailability.toggles.blockLeave);\nI.seeElement(Settings.basesAvailability.toggles.priorityChecked);\nI.seeElement(Settings.basesAvailability.toggles.standardChecked);\nI.click(Settings.basesAvailability.toggles.blockLeave);\nI.seeElement(Settings.basesAvailability.toggles.blockLeaveChecked);\nI.seeElement(Settings.basesAvailability.toggles.priority);\nI.seeElement(Settings.basesAvailability.toggles.standard);",
            "err": {},
            "isRoot": false,
            "uuid": "67b0a140-62d7-4e3c-8ce5-f476460d8667",
            "isHook": false,
            "skipped": false
          },
          {
            "title": "Enabling block leave doesn't enable anything else",
            "fullTitle": "@Settings: Enabling block leave doesn't enable anything else",
            "timedOut": false,
            "duration": 2784,
            "state": "passed",
            "speed": "slow",
            "pass": true,
            "fail": false,
            "pending": false,
            "code": "Settings.searchByBase(Bases.MAD);\nI.seeElement(Settings.basesAvailability.toggles.blockLeave);\nI.seeElement(Settings.basesAvailability.toggles.priority);\nI.seeElement(Settings.basesAvailability.toggles.standard);\nI.click(Settings.basesAvailability.toggles.blockLeave);\nI.seeElement(Settings.basesAvailability.toggles.blockLeaveChecked);\nI.seeElement(Settings.basesAvailability.toggles.priority);\nI.seeElement(Settings.basesAvailability.toggles.standard);",
            "err": {},
            "isRoot": false,
            "uuid": "701bed87-8ba4-4f9a-9c02-e001b623a18d",
            "isHook": false,
            "skipped": false
          },
          {
            "title": "Enabling priority disables block leave",
            "fullTitle": "@Settings: Enabling priority disables block leave",
            "timedOut": false,
            "duration": 2838,
            "state": "passed",
            "speed": "slow",
            "pass": true,
            "fail": false,
            "pending": false,
            "code": "Settings.searchByBase(Bases.ACE);\nI.seeElement(Settings.basesAvailability.toggles.blockLeaveChecked);\nI.seeElement(Settings.basesAvailability.toggles.priority);\nI.seeElement(Settings.basesAvailability.toggles.standard);\nI.click(Settings.basesAvailability.toggles.priority);\nI.seeElement(Settings.basesAvailability.toggles.blockLeave);\nI.seeElement(Settings.basesAvailability.toggles.priorityChecked);\nI.seeElement(Settings.basesAvailability.toggles.standard);",
            "err": {},
            "isRoot": false,
            "uuid": "d2581fcf-6f89-47b8-9f3e-4156724ba2fd",
            "isHook": false,
            "skipped": false
          },
          {
            "title": "Enabling priority doesn't enable anything else",
            "fullTitle": "@Settings: Enabling priority doesn't enable anything else",
            "timedOut": false,
            "duration": 2698,
            "state": "passed",
            "speed": "slow",
            "pass": true,
            "fail": false,
            "pending": false,
            "code": "Settings.searchByBase(Bases.MAD);\nI.seeElement(Settings.basesAvailability.toggles.blockLeave);\nI.seeElement(Settings.basesAvailability.toggles.priority);\nI.seeElement(Settings.basesAvailability.toggles.standard);\nI.click(Settings.basesAvailability.toggles.priority);\nI.seeElement(Settings.basesAvailability.toggles.blockLeave);\nI.seeElement(Settings.basesAvailability.toggles.priorityChecked);\nI.seeElement(Settings.basesAvailability.toggles.standard);",
            "err": {},
            "isRoot": false,
            "uuid": "f22d7cb4-573c-48ca-9c74-71093d15398e",
            "isHook": false,
            "skipped": false
          },
          {
            "title": "Enabling standard also enables priority",
            "fullTitle": "@Settings: Enabling standard also enables priority",
            "timedOut": false,
            "duration": 2855,
            "state": "passed",
            "speed": "slow",
            "pass": true,
            "fail": false,
            "pending": false,
            "code": "Settings.searchByBase(Bases.MAD);\nI.seeElement(Settings.basesAvailability.toggles.blockLeave);\nI.seeElement(Settings.basesAvailability.toggles.priority);\nI.seeElement(Settings.basesAvailability.toggles.standard);\nI.click(Settings.basesAvailability.toggles.standard);\nI.seeElement(Settings.basesAvailability.toggles.blockLeave);\nI.seeElement(Settings.basesAvailability.toggles.priorityChecked);\nI.seeElement(Settings.basesAvailability.toggles.standardChecked);",
            "err": {},
            "isRoot": false,
            "uuid": "be070f22-4e1e-4609-bc90-326c62a36404",
            "isHook": false,
            "skipped": false
          },
          {
            "title": "Disabling block leave doesn't change anything else",
            "fullTitle": "@Settings: Disabling block leave doesn't change anything else",
            "timedOut": false,
            "duration": 2744,
            "state": "passed",
            "speed": "slow",
            "pass": true,
            "fail": false,
            "pending": false,
            "code": "Settings.searchByBase(Bases.ACE);\nI.seeElement(Settings.basesAvailability.toggles.blockLeaveChecked);\nI.seeElement(Settings.basesAvailability.toggles.priority);\nI.seeElement(Settings.basesAvailability.toggles.standard);\nI.click(Settings.basesAvailability.toggles.blockLeaveChecked);\nI.seeElement(Settings.basesAvailability.toggles.blockLeave);\nI.seeElement(Settings.basesAvailability.toggles.priority);\nI.seeElement(Settings.basesAvailability.toggles.standard);",
            "err": {},
            "isRoot": false,
            "uuid": "4b454190-56e7-43fb-bc7c-3742c87d4f87",
            "isHook": false,
            "skipped": false
          },
          {
            "title": "Disabling priority also disables standard",
            "fullTitle": "@Settings: Disabling priority also disables standard",
            "timedOut": false,
            "duration": 2730,
            "state": "passed",
            "speed": "slow",
            "pass": true,
            "fail": false,
            "pending": false,
            "code": "Settings.searchByBase(Bases.DUB);\nI.seeElement(Settings.basesAvailability.toggles.blockLeave);\nI.seeElement(Settings.basesAvailability.toggles.priorityChecked);\nI.seeElement(Settings.basesAvailability.toggles.standardChecked);\nI.click(Settings.basesAvailability.toggles.priorityChecked);\nI.seeElement(Settings.basesAvailability.toggles.blockLeave);\nI.seeElement(Settings.basesAvailability.toggles.priority);\nI.seeElement(Settings.basesAvailability.toggles.standard);",
            "err": {},
            "isRoot": false,
            "uuid": "63f97276-ada1-487a-be7f-b2dc55c2b8ff",
            "isHook": false,
            "skipped": false
          },
          {
            "title": "Disabling priority doesn't change anything else",
            "fullTitle": "@Settings: Disabling priority doesn't change anything else",
            "timedOut": false,
            "duration": 2735,
            "state": "passed",
            "speed": "slow",
            "pass": true,
            "fail": false,
            "pending": false,
            "code": "Settings.searchByBase(Bases.WRO);\nI.seeElement(Settings.basesAvailability.toggles.blockLeave);\nI.seeElement(Settings.basesAvailability.toggles.priorityChecked);\nI.seeElement(Settings.basesAvailability.toggles.standard);\nI.click(Settings.basesAvailability.toggles.priorityChecked);\nI.seeElement(Settings.basesAvailability.toggles.blockLeave);\nI.seeElement(Settings.basesAvailability.toggles.priority);\nI.seeElement(Settings.basesAvailability.toggles.standard);",
            "err": {},
            "isRoot": false,
            "uuid": "88e3a207-a0ce-4291-a57e-ce928a99316b",
            "isHook": false,
            "skipped": false
          },
          {
            "title": "Disabling standard also disables priority",
            "fullTitle": "@Settings: Disabling standard also disables priority",
            "timedOut": false,
            "duration": 2764,
            "state": "passed",
            "speed": "slow",
            "pass": true,
            "fail": false,
            "pending": false,
            "code": "Settings.searchByBase(Bases.DUB);\nI.seeElement(Settings.basesAvailability.toggles.blockLeave);\nI.seeElement(Settings.basesAvailability.toggles.priorityChecked);\nI.seeElement(Settings.basesAvailability.toggles.standardChecked);\nI.click(Settings.basesAvailability.toggles.standardChecked);\nI.seeElement(Settings.basesAvailability.toggles.blockLeave);\nI.seeElement(Settings.basesAvailability.toggles.priority);\nI.seeElement(Settings.basesAvailability.toggles.standard);",
            "err": {},
            "isRoot": false,
            "uuid": "77b79016-be75-4d5e-a2ef-e6e97dce462e",
            "isHook": false,
            "skipped": false
          },
          {
            "title": "Able to save bases availability changes",
            "fullTitle": "@Settings: Able to save bases availability changes",
            "timedOut": false,
            "duration": 3984,
            "state": "passed",
            "speed": "slow",
            "pass": true,
            "fail": false,
            "pending": false,
            "code": "Settings.searchByBase(Bases.GRO);\nI.seeElement(Settings.basesAvailability.toggles.blockLeaveChecked);\nI.click(Settings.basesAvailability.toggles.blockLeaveChecked);\nSettings.saveBasesAvailability();\nI.waitForText(\n  Settings.strings.basesAvailabilitySuccess,\n  Settings.elements.toast\n);",
            "err": {},
            "isRoot": false,
            "uuid": "093e4c91-ae6c-496c-abd8-918efdb21f71",
            "isHook": false,
            "skipped": false
          },
          {
            "title": "Able to save bases availability changes back",
            "fullTitle": "@Settings: Able to save bases availability changes back",
            "timedOut": false,
            "duration": 3259,
            "state": "passed",
            "speed": "slow",
            "pass": true,
            "fail": false,
            "pending": false,
            "code": "Settings.searchByBase(Bases.GRO);\nI.seeElement(Settings.basesAvailability.toggles.blockLeave);\nI.click(Settings.basesAvailability.toggles.blockLeave);\nSettings.saveBasesAvailability(true);\nI.waitForText(\n  Settings.strings.basesAvailabilitySuccess,\n  Settings.elements.toast\n);",
            "err": {},
            "isRoot": false,
            "uuid": "6fd6c6ff-1c1d-442a-b20d-01d3f7cc8a79",
            "isHook": false,
            "skipped": false
          },
          {
            "title": "Save button is disabled again if initial value",
            "fullTitle": "@Settings: Save button is disabled again if initial value",
            "timedOut": false,
            "duration": 2972,
            "state": "passed",
            "speed": "slow",
            "pass": true,
            "fail": false,
            "pending": false,
            "code": "I.seeElement(Settings.basesAvailability.buttons.saveDisabled);\nI.see(Dates.year.current, Settings.basesAvailability.fields.year);\nSettings.switchCurrentYear(Dates.year.next);\nI.waitForElement(Settings.basesAvailability.buttons.saveEnabled);\nSettings.switchCurrentYear(Dates.year.current);\nI.waitForElement(Settings.basesAvailability.buttons.saveDisabled);",
            "err": {},
            "isRoot": false,
            "uuid": "c3ccb091-a333-4fbf-8d00-b2b3839d9fa3",
            "isHook": false,
            "skipped": false
          },
          {
            "title": "Able to change report generation year",
            "fullTitle": "@Settings: Able to change report generation year",
            "timedOut": false,
            "duration": 2359,
            "state": "passed",
            "speed": "slow",
            "pass": true,
            "fail": false,
            "pending": false,
            "code": "I.seeElement(Settings.basesAvailability.buttons.saveDisabled);\nI.see(Dates.year.current, Settings.basesAvailability.fields.year);\nSettings.switchCurrentYear(Dates.year.next);\nI.waitForElement(Settings.basesAvailability.buttons.saveEnabled);\nI.click(Settings.basesAvailability.buttons.saveEnabled);\nI.waitForElement(Settings.basesAvailability.buttons.saveDisabled);\nI.see(Dates.year.next, Settings.basesAvailability.fields.year);",
            "err": {},
            "isRoot": false,
            "uuid": "ada17a00-8a6f-4242-a68e-6cac6b585fad",
            "isHook": false,
            "skipped": false
          },
          {
            "title": "Clicking on the \"New Rule\" button opens the rule editor",
            "fullTitle": "@Settings: Clicking on the \"New Rule\" button opens the rule editor",
            "timedOut": false,
            "duration": 651,
            "state": "passed",
            "speed": "slow",
            "pass": true,
            "fail": false,
            "pending": false,
            "code": "Settings.openNewRuleEditor();",
            "err": {},
            "isRoot": false,
            "uuid": "d1bf3a79-a086-4917-95f3-3af209a99cd6",
            "isHook": false,
            "skipped": false
          },
          {
            "title": "Adding a new rule starts out with the \"Save\" button disabled",
            "fullTitle": "@Settings: Adding a new rule starts out with the \"Save\" button disabled",
            "timedOut": false,
            "duration": 646,
            "state": "passed",
            "speed": "slow",
            "pass": true,
            "fail": false,
            "pending": false,
            "code": "Settings.openNewRuleEditor();\nI.seeElement(Settings.emails.buttons.saveRuleDisabled);",
            "err": {},
            "isRoot": false,
            "uuid": "abafee08-06f1-41ef-8cab-843915a2a770",
            "isHook": false,
            "skipped": false
          },
          {
            "title": "Switching rule type should close the rule editor container",
            "fullTitle": "@Settings: Switching rule type should close the rule editor container",
            "timedOut": false,
            "duration": 1818,
            "state": "passed",
            "speed": "slow",
            "pass": true,
            "fail": false,
            "pending": false,
            "code": "Settings.openNewRuleEditor();\nI.switchSelectOption(\n  Settings.emails.fields.ruleType,\n  I.capitalize(EmailType.REJECTION)\n);\nI.dontSeeElement(Settings.emails.elements.editRuleContainer);",
            "err": {},
            "isRoot": false,
            "uuid": "2541eddc-3567-46a8-9bdb-666ef3c20804",
            "isHook": false,
            "skipped": false
          },
          {
            "title": "Able to select and remove bases from the input",
            "fullTitle": "@Settings: Able to select and remove bases from the input",
            "timedOut": false,
            "duration": 6764,
            "state": "passed",
            "speed": "slow",
            "pass": true,
            "fail": false,
            "pending": false,
            "code": "Settings.openNewRuleEditor();\nSettings.selectBaseInAutocomplete(Bases.OPO);\nSettings.selectBaseInAutocomplete(Bases.DUB);\nI.click(Settings.emails.buttons.baseChipDelete);\nI.click(Settings.emails.buttons.baseChipDelete);",
            "err": {},
            "isRoot": false,
            "uuid": "e6affc91-d83e-4b08-8f2f-d070765474f8",
            "isHook": false,
            "skipped": false
          },
          {
            "title": "Base autocomplete becomes disabled if all bases is selected",
            "fullTitle": "@Settings: Base autocomplete becomes disabled if all bases is selected",
            "timedOut": false,
            "duration": 4224,
            "state": "passed",
            "speed": "slow",
            "pass": true,
            "fail": false,
            "pending": false,
            "code": "Settings.openNewRuleEditor();\nSettings.selectBaseInAutocomplete(Bases.OPO);\nI.click(Settings.emails.fields.allBasesCheckbox);\nI.seeElement(Settings.emails.fields.baseAutocomplete.disabled);",
            "err": {},
            "isRoot": false,
            "uuid": "43777968-9021-4d2d-82ee-38595ca6338a",
            "isHook": false,
            "skipped": false
          },
          {
            "title": "Unsaved changes dialog opens after changing info and clicking on \"New Rule\" button",
            "fullTitle": "@Settings: Unsaved changes dialog opens after changing info and clicking on \"New Rule\" button",
            "timedOut": false,
            "duration": 3573,
            "state": "passed",
            "speed": "slow",
            "pass": true,
            "fail": false,
            "pending": false,
            "code": "Settings.openNewRuleEditor();\nI.fillField(\n  Settings.emails.fields.ruleName,\n  Settings.emails.strings.mockRuleName\n);\nSettings.openNewRuleEditor();\nI.waitForElement(Settings.modals.container);\nI.see(Settings.emails.strings.unsavedChanges);",
            "err": {},
            "isRoot": false,
            "uuid": "a808d8dd-e2ed-4c3d-915f-75b43b8121b0",
            "isHook": false,
            "skipped": false
          },
          {
            "title": "Able to save a new rule after filling out all required fields",
            "fullTitle": "@Settings: Able to save a new rule after filling out all required fields",
            "timedOut": false,
            "duration": 8938,
            "state": "passed",
            "speed": "slow",
            "pass": true,
            "fail": false,
            "pending": false,
            "code": "Settings.createNewRule(Bases.OPO);\nI.waitForElement(Settings.emails.elements.ruleTableRow);",
            "err": {},
            "isRoot": false,
            "uuid": "d61f6012-cdb4-4a9c-94ed-118a7cda3cde",
            "isHook": false,
            "skipped": false
          },
          {
            "title": "Conflicting rules should warn the user about the conflict",
            "fullTitle": "@Settings: Conflicting rules should warn the user about the conflict",
            "timedOut": false,
            "duration": 9116,
            "state": "passed",
            "speed": "slow",
            "pass": true,
            "fail": false,
            "pending": false,
            "code": "Settings.createNewRule(Bases.OPO);\nI.seeElement(Settings.modals.conflictingRulesModal.container);\nI.see(Settings.emails.strings.conflictingRules);",
            "err": {},
            "isRoot": false,
            "uuid": "073403dd-947a-4fa0-b8a4-09334d967ab5",
            "isHook": false,
            "skipped": false
          },
          {
            "title": "Creating a draft adds it to the rule list with the draft label",
            "fullTitle": "@Settings: Creating a draft adds it to the rule list with the draft label",
            "timedOut": false,
            "duration": 10072,
            "state": "passed",
            "speed": "slow",
            "pass": true,
            "fail": false,
            "pending": false,
            "code": "Settings.createNewRule(Bases.OPO);\nI.click(Settings.modals.buttons.saveAsDraft);\nI.see(DraftRuleId, Settings.emails.elements.ruleTableRow);",
            "err": {},
            "isRoot": false,
            "uuid": "d68eca0f-c2e8-43a6-91cc-131e3832b5e0",
            "isHook": false,
            "skipped": false
          },
          {
            "title": "Should ask for confirmation if trying to overwrite the draft",
            "fullTitle": "@Settings: Should ask for confirmation if trying to overwrite the draft",
            "timedOut": false,
            "duration": 19550,
            "state": "passed",
            "speed": "slow",
            "pass": true,
            "fail": false,
            "pending": false,
            "code": "// Create the first draft:\nSettings.createNewRule(Bases.OPO);\nI.waitForElement(Settings.modals.conflictingRulesModal.container);\nI.click(Settings.modals.buttons.saveAsDraft);\nI.waitForInvisible(Settings.modals.conflictingRulesModal.container);\nI.see(DraftRuleId, Settings.emails.elements.ruleTableRow);\n// Try to create the second one:\nSettings.createNewRule(Bases.OPO);\nI.waitForElement(Settings.modals.conflictingRulesModal.container);\n// See the correct popup text and see that nothing happens on dismissal:\nawait I.cancelPopupWithText(ConfirmationMessages.SAVE_DRAFT, () => {\n  I.click(Settings.modals.buttons.saveAsDraft);\n});\nI.seeElement(Settings.modals.conflictingRulesModal.container);",
            "err": {},
            "isRoot": false,
            "uuid": "da209cf5-b28b-4030-a47f-a0063712c910",
            "isHook": false,
            "skipped": false
          },
          {
            "title": "Should overwrite the draft after confirmation",
            "fullTitle": "@Settings: Should overwrite the draft after confirmation",
            "timedOut": false,
            "duration": 19647,
            "state": "passed",
            "speed": "slow",
            "pass": true,
            "fail": false,
            "pending": false,
            "code": "// Create the first draft:\nSettings.createNewRule(Bases.OPO);\nI.waitForElement(Settings.modals.conflictingRulesModal.container);\nI.click(Settings.modals.buttons.saveAsDraft);\nI.waitForInvisible(Settings.modals.conflictingRulesModal.container);\nI.see(DraftRuleId, Settings.emails.elements.ruleTableRow);\n// Try to create the second one with a different name:\nSettings.createNewRule(\n  Bases.OPO,\n  Settings.emails.strings.mockOverwrittenDraftName\n);\nI.waitForElement(Settings.modals.conflictingRulesModal.container);\n// See that the draft was overwritten after accepting the popup:\nI.amAcceptingPopups();\nI.click(Settings.modals.buttons.saveAsDraft);\nI.waitForInvisible(Settings.modals.conflictingRulesModal.container);\nI.see(\n  Settings.emails.strings.mockOverwrittenDraftName,\n  Settings.emails.elements.ruleTableRow\n);",
            "err": {},
            "isRoot": false,
            "uuid": "0a007da8-1732-4f9c-8b99-7e9279af2a72",
            "isHook": false,
            "skipped": false
          },
          {
            "title": "Should confirm on discard and see the form remains closed",
            "fullTitle": "@Settings: Should confirm on discard and see the form remains closed",
            "timedOut": false,
            "duration": 10421,
            "state": "passed",
            "speed": "slow",
            "pass": true,
            "fail": false,
            "pending": false,
            "code": "// Create the draft:\nSettings.createNewRule(Bases.OPO);\nI.waitForElement(Settings.modals.conflictingRulesModal.container);\n// See the correct popup text and see that the modal\n// closes and the form remains closed after accept:\nawait I.acceptPopupWithText(ConfirmationMessages.DISCARD_RULE, () => {\n  I.click(Settings.modals.buttons.discardRule);\n});\nI.waitForInvisible(Settings.modals.conflictingRulesModal.container);\nI.dontSeeElement(Settings.emails.elements.editRuleContainer);",
            "err": {},
            "isRoot": false,
            "uuid": "5adc6d92-8f45-474a-90f8-1b81c3922363",
            "isHook": false,
            "skipped": false
          },
          {
            "title": "Should confirm on dismiss",
            "fullTitle": "@Settings: Should confirm on dismiss",
            "timedOut": false,
            "duration": 9779,
            "state": "passed",
            "speed": "slow",
            "pass": true,
            "fail": false,
            "pending": false,
            "code": "// Create the draft:\nSettings.createNewRule(Bases.OPO);\nI.waitForElement(Settings.modals.conflictingRulesModal.container);\n// See the correct popup text and see that the modal closes:\nawait I.acceptPopupWithText(ConfirmationMessages.UNSAVED_DATA, () => {\n  I.click(Settings.modals.buttons.dismiss);\n});\nI.waitForInvisible(Settings.modals.conflictingRulesModal.container);",
            "err": {},
            "isRoot": false,
            "uuid": "68cf576c-3581-4c4b-a0f7-03fa0f343029",
            "isHook": false,
            "skipped": false
          },
          {
            "title": "Should show form if user chooses to edit the rule after conflicts",
            "fullTitle": "@Settings: Should show form if user chooses to edit the rule after conflicts",
            "timedOut": false,
            "duration": 10436,
            "state": "passed",
            "speed": "slow",
            "pass": true,
            "fail": false,
            "pending": false,
            "code": "// Create the draft:\nSettings.createNewRule(Bases.OPO);\nI.waitForElement(Settings.modals.conflictingRulesModal.container);\nI.click(Settings.modals.buttons.backToEdit);\n// Check that form reopens and rule data is filled if \"Back to Edit\" is chosen:\nI.waitForElement(Settings.emails.elements.editRuleContainer);\nI.seeInField(\n  Settings.emails.fields.ruleName,\n  Settings.emails.strings.mockRuleName\n);",
            "err": {},
            "isRoot": false,
            "uuid": "eda1e975-2ac3-445b-a82e-7a2f5193ca5c",
            "isHook": false,
            "skipped": false
          },
          {
            "title": "Editing a draft should display the draft label",
            "fullTitle": "@Settings: Editing a draft should display the draft label",
            "timedOut": false,
            "duration": 10144,
            "state": "passed",
            "speed": "slow",
            "pass": true,
            "fail": false,
            "pending": false,
            "code": "Settings.createNewRule(Bases.OPO);\nI.waitForElement(Settings.modals.conflictingRulesModal.container);\nI.click(Settings.modals.buttons.saveAsDraft);\nI.waitForInvisible(Settings.modals.conflictingRulesModal.container);\nI.see(DraftRuleId, Settings.emails.elements.ruleTableRow);\nI.click(Settings.emails.elements.ruleTableRow);\nI.see(DraftRuleId, Settings.emails.elements.footer);",
            "err": {},
            "isRoot": false,
            "uuid": "22f6af78-2a85-4329-aacb-3acc7ae11450",
            "isHook": false,
            "skipped": false
          },
          {
            "title": "You are able to save the draft after solving the conflict",
            "fullTitle": "@Settings: You are able to save the draft after solving the conflict",
            "timedOut": false,
            "duration": 17263,
            "state": "passed",
            "speed": "slow",
            "pass": true,
            "fail": false,
            "pending": false,
            "code": "Settings.createNewRule(Bases.OPO);\nI.click(Settings.modals.buttons.saveAsDraft);\nI.click(Settings.emails.elements.ruleTableRow);\nI.click(Settings.emails.buttons.baseChipDelete);\nSettings.selectBaseInAutocomplete(Bases.DUB);\nI.selectInCheckboxGroup(Settings.emails.fields.ranks, Ranks.CP);\nI.click(Settings.emails.buttons.saveRule);\nI.waitForDetached(\n  Settings.emails.elements.editRuleContainer,\n  Settings.maxWaitTime\n);\nSettings.deleteRule();",
            "err": {},
            "isRoot": false,
            "uuid": "f22e275f-a4a1-4869-9cb0-098a339fe0b8",
            "isHook": false,
            "skipped": false
          },
          {
            "title": "Able to create non-conflicting rules",
            "fullTitle": "@Settings: Able to create non-conflicting rules",
            "timedOut": false,
            "duration": 8929,
            "state": "passed",
            "speed": "slow",
            "pass": true,
            "fail": false,
            "pending": false,
            "code": "Settings.createNewRule(Bases.OPO);\nI.waitForInvisible(Settings.emails.elements.editRuleContainer);\nI.seeElement(Settings.emails.elements.ruleTableRow);",
            "err": {},
            "isRoot": false,
            "uuid": "a0a9ac5c-9c80-4636-b020-818b68507c1c",
            "isHook": false,
            "skipped": false
          },
          {
            "title": "Able to delete an existing rule",
            "fullTitle": "@Settings: Able to delete an existing rule",
            "timedOut": false,
            "duration": 1785,
            "state": "passed",
            "speed": "slow",
            "pass": true,
            "fail": false,
            "pending": false,
            "code": "Settings.deleteRule();",
            "err": {},
            "isRoot": false,
            "uuid": "9b430e38-cf89-46d6-a82f-2523dd6f34c3",
            "isHook": false,
            "skipped": false
          },
          {
            "title": "Able to edit an existing rule",
            "fullTitle": "@Settings: Able to edit an existing rule",
            "timedOut": false,
            "duration": 3394,
            "state": "passed",
            "speed": "slow",
            "pass": true,
            "fail": false,
            "pending": false,
            "code": "I.seeElement(Settings.emails.elements.ruleTableRow);\nI.click(Settings.emails.elements.ruleTableRow);\nI.click(Settings.emails.fields.allBasesCheckbox);\nI.click(Settings.emails.buttons.saveRule);\nI.waitForInvisible(Settings.emails.elements.editRuleContainer);\nI.see(Settings.strings.all, Settings.emails.elements.ruleTableRow);\nSettings.deleteRule();",
            "err": {},
            "isRoot": false,
            "uuid": "cb51d409-0e47-4657-baa6-cf8e59eb7f0f",
            "isHook": false,
            "skipped": false
          },
          {
            "title": "Able to change type and create rule for the new type",
            "fullTitle": "@Settings: Able to change type and create rule for the new type",
            "timedOut": false,
            "duration": 9901,
            "state": "passed",
            "speed": "slow",
            "pass": true,
            "fail": false,
            "pending": false,
            "code": "I.switchSelectOption(\n  Settings.emails.fields.ruleType,\n  I.capitalize(EmailType.REJECTION)\n);\nSettings.createNewRule(Bases.DUB);\nI.dontSeeElement(Settings.emails.elements.editRuleContainer);\nI.seeElement(Settings.emails.elements.ruleTableRow);",
            "err": {},
            "isRoot": false,
            "uuid": "72175d8d-7c10-4350-9a74-97a546e406bf",
            "isHook": false,
            "skipped": false
          },
          {
            "title": "Rules list only show rules from their type",
            "fullTitle": "@Settings: Rules list only show rules from their type",
            "timedOut": false,
            "duration": 1122,
            "state": "passed",
            "speed": "slow",
            "pass": true,
            "fail": false,
            "pending": false,
            "code": "I.dontSeeElement(Settings.emails.elements.ruleTableRow);\nI.switchSelectOption(\n  Settings.emails.fields.ruleType,\n  I.capitalize(EmailType.REJECTION)\n);\nI.seeElement(Settings.emails.elements.ruleTableRow);",
            "err": {},
            "isRoot": false,
            "uuid": "79c4883e-d89b-4cfc-93ae-d7d1ff21b6fe",
            "isHook": false,
            "skipped": false
          },
          {
            "title": "Able to change type and delete rule for the new type",
            "fullTitle": "@Settings: Able to change type and delete rule for the new type",
            "timedOut": false,
            "duration": 2893,
            "state": "passed",
            "speed": "slow",
            "pass": true,
            "fail": false,
            "pending": false,
            "code": "I.switchSelectOption(\n  Settings.emails.fields.ruleType,\n  I.capitalize(EmailType.REJECTION)\n);\nSettings.deleteRule();\nI.dontSeeElement(Settings.emails.elements.ruleTableRow);",
            "err": {},
            "isRoot": false,
            "uuid": "261d50cd-5a9f-425c-bbe8-93fce08e9e6c",
            "isHook": false,
            "skipped": false
          },
          {
            "title": "Not able to view e-mails feature if not admin",
            "fullTitle": "@Settings: Not able to view e-mails feature if not admin",
            "timedOut": false,
            "duration": 13471,
            "state": "passed",
            "speed": "slow",
            "pass": true,
            "fail": false,
            "pending": false,
            "code": "I.logout();\nI.loginWithCookie(await I.getAuthCookie(undefined, false));\nI.amOnPage('/settings');\nI.dontSeeElement(Settings.emails.container);\nI.logout();\nI.loginWithCookie(await I.getAuthCookie());",
            "err": {},
            "isRoot": false,
            "uuid": "71f5213f-51b5-4fb6-ae01-cd0497d22c3a",
            "isHook": false,
            "skipped": false
          }
        ],
        "suites": [],
        "passes": [
          "863277b0-56f1-41cc-9822-381a5b96d081",
          "6cb8c5f4-956b-4bc4-ab01-665456719850",
          "9bed010e-2412-4b0a-89f1-707a076e9092",
          "7a122582-50f6-44f1-8926-bfc85c6a8296",
          "a6954074-2a64-4a3f-9f25-6954bbcfbc41",
          "4f995aa6-74bc-45d8-89a4-a474f1650af6",
          "a804e34e-7690-40b6-b3a0-dc286a2795c0",
          "da6e04d5-d52c-4041-9722-92e90d298bc9",
          "dc451a5c-3f84-4223-bd38-1533a05a395d",
          "82829f8a-056c-4fd2-b7e2-b53382b3803b",
          "861fd813-01e1-43bb-951d-88e4a5f1de54",
          "67b0a140-62d7-4e3c-8ce5-f476460d8667",
          "701bed87-8ba4-4f9a-9c02-e001b623a18d",
          "d2581fcf-6f89-47b8-9f3e-4156724ba2fd",
          "f22d7cb4-573c-48ca-9c74-71093d15398e",
          "be070f22-4e1e-4609-bc90-326c62a36404",
          "4b454190-56e7-43fb-bc7c-3742c87d4f87",
          "63f97276-ada1-487a-be7f-b2dc55c2b8ff",
          "88e3a207-a0ce-4291-a57e-ce928a99316b",
          "77b79016-be75-4d5e-a2ef-e6e97dce462e",
          "093e4c91-ae6c-496c-abd8-918efdb21f71",
          "6fd6c6ff-1c1d-442a-b20d-01d3f7cc8a79",
          "c3ccb091-a333-4fbf-8d00-b2b3839d9fa3",
          "ada17a00-8a6f-4242-a68e-6cac6b585fad",
          "d1bf3a79-a086-4917-95f3-3af209a99cd6",
          "abafee08-06f1-41ef-8cab-843915a2a770",
          "2541eddc-3567-46a8-9bdb-666ef3c20804",
          "e6affc91-d83e-4b08-8f2f-d070765474f8",
          "43777968-9021-4d2d-82ee-38595ca6338a",
          "a808d8dd-e2ed-4c3d-915f-75b43b8121b0",
          "d61f6012-cdb4-4a9c-94ed-118a7cda3cde",
          "073403dd-947a-4fa0-b8a4-09334d967ab5",
          "d68eca0f-c2e8-43a6-91cc-131e3832b5e0",
          "da209cf5-b28b-4030-a47f-a0063712c910",
          "0a007da8-1732-4f9c-8b99-7e9279af2a72",
          "5adc6d92-8f45-474a-90f8-1b81c3922363",
          "68cf576c-3581-4c4b-a0f7-03fa0f343029",
          "eda1e975-2ac3-445b-a82e-7a2f5193ca5c",
          "22f6af78-2a85-4329-aacb-3acc7ae11450",
          "f22e275f-a4a1-4869-9cb0-098a339fe0b8",
          "a0a9ac5c-9c80-4636-b020-818b68507c1c",
          "9b430e38-cf89-46d6-a82f-2523dd6f34c3",
          "cb51d409-0e47-4657-baa6-cf8e59eb7f0f",
          "72175d8d-7c10-4350-9a74-97a546e406bf",
          "79c4883e-d89b-4cfc-93ae-d7d1ff21b6fe",
          "261d50cd-5a9f-425c-bbe8-93fce08e9e6c",
          "71f5213f-51b5-4fb6-ae01-cd0497d22c3a"
        ],
        "failures": [],
        "pending": [],
        "skipped": [],
        "duration": 283866,
        "root": false,
        "rootEmpty": false,
        "_timeout": 0
      }
    ],
    "passes": [],
    "failures": [],
    "pending": [],
    "skipped": [],
    "duration": 0,
    "root": true,
    "rootEmpty": true,
    "_timeout": 0
  },
  "copyrightYear": 2021
}