{
  "stats": {
    "suites": 1,
    "tests": 11,
    "passes": 11,
    "pending": 0,
    "failures": 0,
    "start": "2021-07-12T14:06:43.452Z",
    "end": "2021-07-12T14:07:50.067Z",
    "duration": 66615,
    "testsRegistered": 11,
    "passPercent": 100,
    "pendingPercent": 0,
    "other": 0,
    "hasOther": false,
    "skipped": 0,
    "hasSkipped": false,
    "passPercentClass": "success",
    "pendingPercentClass": "danger"
  },
  "suites": {
    "uuid": "12a15c28-a78b-4d7c-a9f3-7213360452e7",
    "title": "",
    "fullFile": "",
    "file": "",
    "beforeHooks": [],
    "afterHooks": [],
    "tests": [],
    "suites": [
      {
        "uuid": "208c55a3-6253-4388-9020-08b612abc5a5",
        "title": "@Navigation",
        "fullFile": "/Users/felicianot/Projects/annual-leave-fe/e2e/features/1-navigation.e2e-spec.js",
        "file": "/e2e/features/1-navigation.e2e-spec.js",
        "beforeHooks": [
          {
            "title": "\"before all\" hook: codeceptjs.beforeSuite",
            "fullTitle": "@Navigation \"before all\" hook: codeceptjs.beforeSuite",
            "timedOut": false,
            "duration": 9816,
            "pass": false,
            "fail": false,
            "pending": false,
            "code": "scenario.suiteSetup(suite)",
            "err": {},
            "isRoot": false,
            "uuid": "73d3a992-3a48-49d9-993e-96e1217f77b0",
            "isHook": true,
            "skipped": false
          },
          {
            "title": "\"before each\" hook: codeceptjs.before",
            "fullTitle": "@Navigation \"before each\" hook: codeceptjs.before",
            "timedOut": false,
            "duration": 0,
            "pass": false,
            "fail": false,
            "pending": false,
            "code": "scenario.setup(suite)",
            "err": {},
            "isRoot": false,
            "uuid": "b1ea9321-6e4b-4aee-bd12-d010a044200e",
            "isHook": true,
            "skipped": false
          }
        ],
        "afterHooks": [
          {
            "title": "\"after all\" hook: codeceptjs.afterSuite",
            "fullTitle": "@Navigation \"after all\" hook: codeceptjs.afterSuite",
            "timedOut": false,
            "duration": 0,
            "pass": false,
            "fail": false,
            "pending": false,
            "code": "scenario.suiteTeardown(suite)",
            "err": {},
            "isRoot": false,
            "uuid": "1f0b1f81-ed1f-4f7b-b8bc-36be867e9bd3",
            "isHook": true,
            "skipped": false
          },
          {
            "title": "\"after each\" hook: finalize codeceptjs",
            "fullTitle": "@Navigation \"after each\" hook: finalize codeceptjs",
            "timedOut": false,
            "duration": 506,
            "pass": false,
            "fail": false,
            "pending": false,
            "code": "scenario.teardown(suite)",
            "err": {},
            "isRoot": false,
            "uuid": "36f38f78-cb6b-4daf-ba03-ab7355140c21",
            "isHook": true,
            "skipped": false
          }
        ],
        "tests": [
          {
            "title": "Able to login",
            "fullTitle": "@Navigation: Able to login",
            "timedOut": false,
            "duration": 4765,
            "state": "passed",
            "speed": "slow",
            "pass": true,
            "fail": false,
            "pending": false,
            "code": "I.loginWithCookie(await I.getAuthCookie());\nI.amOnPage(Navigation.pages.root);\nI.waitInUrl(Navigation.pages.root);",
            "err": {},
            "isRoot": false,
            "uuid": "80af0c80-a1de-4b48-bb56-5ff1147aaf51",
            "isHook": false,
            "skipped": false
          },
          {
            "title": "Able to select a different airline",
            "fullTitle": "@Navigation: Able to select a different airline",
            "timedOut": false,
            "duration": 3962,
            "state": "passed",
            "speed": "slow",
            "pass": true,
            "fail": false,
            "pending": false,
            "code": "I.amOnPage(Navigation.pages.dashboard);\nI.see(Navigation.airlines.RYR, Navigation.airlineSelector.container);\nNavigation.selectAirline(Navigation.airlines.LDA);",
            "err": {},
            "isRoot": false,
            "uuid": "523af4fe-95c9-4049-a7ed-155ad717a5fd",
            "isHook": false,
            "skipped": false
          },
          {
            "title": "Able to toggle user info panel and see the info",
            "fullTitle": "@Navigation: Able to toggle user info panel and see the info",
            "timedOut": false,
            "duration": 3226,
            "state": "passed",
            "speed": "slow",
            "pass": true,
            "fail": false,
            "pending": false,
            "code": "I.amOnPage(Navigation.pages.dashboard);\nNavigation.toggleUserInfo();\nI.see(Navigation.userInfo.title, Navigation.userInfo.container);\nI.see(Navigation.userInfo.email, Navigation.userInfo.container);",
            "err": {},
            "isRoot": false,
            "uuid": "35db2a97-f56e-4afb-b114-9e49390b4bf3",
            "isHook": false,
            "skipped": false
          },
          {
            "title": "Able to toggle user info panel and logout",
            "fullTitle": "@Navigation: Able to toggle user info panel and logout",
            "timedOut": false,
            "duration": 3657,
            "state": "passed",
            "speed": "slow",
            "pass": true,
            "fail": false,
            "pending": false,
            "code": "I.amOnPage(Navigation.pages.dashboard);\nNavigation.toggleUserInfo();\nI.click(Navigation.userInfo.logout, Navigation.userInfo.links);\nI.waitInUrl(Navigation.pages.auth);",
            "err": {},
            "isRoot": false,
            "uuid": "c2762eaf-c69b-43c3-9c9c-214412b3c917",
            "isHook": false,
            "skipped": false
          },
          {
            "title": "Able to navigate to Dashboard",
            "fullTitle": "@Navigation: Able to navigate to Dashboard",
            "timedOut": false,
            "duration": 8625,
            "state": "passed",
            "speed": "slow",
            "pass": true,
            "fail": false,
            "pending": false,
            "code": "I.loginWithCookie(await I.getAuthCookie());\nI.amOnPage(Navigation.pages.settings);\nNavigation.goToDashboard();",
            "err": {},
            "isRoot": false,
            "uuid": "cf9a0235-00ec-41dd-a236-319b6a8821ae",
            "isHook": false,
            "skipped": false
          },
          {
            "title": "Able to navigate to Dashboard from title",
            "fullTitle": "@Navigation: Able to navigate to Dashboard from title",
            "timedOut": false,
            "duration": 6792,
            "state": "passed",
            "speed": "slow",
            "pass": true,
            "fail": false,
            "pending": false,
            "code": "I.amOnPage(Navigation.pages.settings);\nI.click(Navigation.elements.title);\nI.amOnPage(Navigation.pages.dashboard);",
            "err": {},
            "isRoot": false,
            "uuid": "c1528531-a5d1-45d0-b8eb-996bae831458",
            "isHook": false,
            "skipped": false
          },
          {
            "title": "Able to navigate to Calendar",
            "fullTitle": "@Navigation: Able to navigate to Calendar",
            "timedOut": false,
            "duration": 2747,
            "state": "passed",
            "speed": "slow",
            "pass": true,
            "fail": false,
            "pending": false,
            "code": "I.amOnPage(Navigation.pages.dashboard);\nNavigation.goToCalendar();",
            "err": {},
            "isRoot": false,
            "uuid": "3656e082-d4bc-46af-9c84-fec2e8203c49",
            "isHook": false,
            "skipped": false
          },
          {
            "title": "Able to navigate to Requests Log",
            "fullTitle": "@Navigation: Able to navigate to Requests Log",
            "timedOut": false,
            "duration": 2453,
            "state": "passed",
            "speed": "slow",
            "pass": true,
            "fail": false,
            "pending": false,
            "code": "I.amOnPage(Navigation.pages.dashboard);\nNavigation.goToRequestsLog();",
            "err": {},
            "isRoot": false,
            "uuid": "dff9d79e-2ec3-44b0-b523-ee28fd9c4dfb",
            "isHook": false,
            "skipped": false
          },
          {
            "title": "Able to navigate to Entitlements if Buzz (RYS) airline",
            "fullTitle": "@Navigation: Able to navigate to Entitlements if Buzz (RYS) airline",
            "timedOut": false,
            "duration": 3736,
            "state": "passed",
            "speed": "slow",
            "pass": true,
            "fail": false,
            "pending": false,
            "code": "I.amOnPage(Navigation.pages.dashboard);\nNavigation.goToEntitlements();",
            "err": {},
            "isRoot": false,
            "uuid": "5c9f7702-41fc-45ad-9ac5-a916ec72cab2",
            "isHook": false,
            "skipped": false
          },
          {
            "title": "Not able to navigate to Entitlements if other airline",
            "fullTitle": "@Navigation: Not able to navigate to Entitlements if other airline",
            "timedOut": false,
            "duration": 4685,
            "state": "passed",
            "speed": "slow",
            "pass": true,
            "fail": false,
            "pending": false,
            "code": "I.amOnPage(Navigation.pages.dashboard);\nI.see(Navigation.airlines.RYR, Navigation.airlineSelector.container);\nI.dontSee(Navigation.links.entitlementsLinkText, Navigation.elements.menu);",
            "err": {},
            "isRoot": false,
            "uuid": "3bfd6166-97d1-4b48-8799-4079d1b5f4f8",
            "isHook": false,
            "skipped": false
          },
          {
            "title": "Able to navigate to Settings",
            "fullTitle": "@Navigation: Able to navigate to Settings",
            "timedOut": false,
            "duration": 6566,
            "state": "passed",
            "speed": "slow",
            "pass": true,
            "fail": false,
            "pending": false,
            "code": "I.amOnPage(Navigation.pages.dashboard);\nNavigation.goToSettings();",
            "err": {},
            "isRoot": false,
            "uuid": "af7cc7f3-9223-4057-8649-a149a3b98d2c",
            "isHook": false,
            "skipped": false
          }
        ],
        "suites": [],
        "passes": [
          "80af0c80-a1de-4b48-bb56-5ff1147aaf51",
          "523af4fe-95c9-4049-a7ed-155ad717a5fd",
          "35db2a97-f56e-4afb-b114-9e49390b4bf3",
          "c2762eaf-c69b-43c3-9c9c-214412b3c917",
          "cf9a0235-00ec-41dd-a236-319b6a8821ae",
          "c1528531-a5d1-45d0-b8eb-996bae831458",
          "3656e082-d4bc-46af-9c84-fec2e8203c49",
          "dff9d79e-2ec3-44b0-b523-ee28fd9c4dfb",
          "5c9f7702-41fc-45ad-9ac5-a916ec72cab2",
          "3bfd6166-97d1-4b48-8799-4079d1b5f4f8",
          "af7cc7f3-9223-4057-8649-a149a3b98d2c"
        ],
        "failures": [],
        "pending": [],
        "skipped": [],
        "duration": 51214,
        "root": false,
        "rootEmpty": false,
        "_timeout": 0
      }
    ],
    "passes": [],
    "failures": [],
    "pending": [],
    "skipped": [],
    "duration": 0,
    "root": true,
    "rootEmpty": true,
    "_timeout": 0
  },
  "copyrightYear": 2021
}