{
  "stats": {
    "suites": 1,
    "tests": 22,
    "passes": 22,
    "pending": 0,
    "failures": 0,
    "start": "2021-07-12T14:06:43.452Z",
    "end": "2021-07-12T14:12:00.515Z",
    "duration": 317063,
    "testsRegistered": 22,
    "passPercent": 100,
    "pendingPercent": 0,
    "other": 0,
    "hasOther": false,
    "skipped": 0,
    "hasSkipped": false,
    "passPercentClass": "success",
    "pendingPercentClass": "danger"
  },
  "suites": {
    "uuid": "c240e2b0-c6c4-4b62-b0d7-50550d95d893",
    "title": "",
    "fullFile": "",
    "file": "",
    "beforeHooks": [],
    "afterHooks": [],
    "tests": [],
    "suites": [
      {
        "uuid": "7fe4b408-6466-4d1e-b11a-1dba39774371",
        "title": "@Entitlements",
        "fullFile": "/Users/felicianot/Projects/annual-leave-fe/e2e/features/5-entitlements.e2e-spec.js",
        "file": "/e2e/features/5-entitlements.e2e-spec.js",
        "beforeHooks": [
          {
            "title": "\"before all\" hook: codeceptjs.beforeSuite",
            "fullTitle": "@Entitlements \"before all\" hook: codeceptjs.beforeSuite",
            "timedOut": false,
            "duration": 4027,
            "pass": false,
            "fail": false,
            "pending": false,
            "code": "scenario.suiteSetup(suite)",
            "err": {},
            "isRoot": false,
            "uuid": "875361a4-8ce4-4c62-a52b-8bbc14838a0e",
            "isHook": true,
            "skipped": false
          },
          {
            "title": "\"before all\" hook: BeforeSuite",
            "fullTitle": "@Entitlements \"before all\" hook: BeforeSuite",
            "timedOut": false,
            "duration": 5846,
            "pass": false,
            "fail": false,
            "pending": false,
            "code": "await DB.presetEntitlements();\nI.loginWithCookie(await I.getAuthCookie());",
            "err": {},
            "isRoot": false,
            "uuid": "aa181cdc-cf9d-4d38-b62a-9f4fea0d1ea5",
            "isHook": true,
            "skipped": false
          },
          {
            "title": "\"before each\" hook: codeceptjs.before",
            "fullTitle": "@Entitlements \"before each\" hook: codeceptjs.before",
            "timedOut": false,
            "duration": 0,
            "pass": false,
            "fail": false,
            "pending": false,
            "code": "scenario.setup(suite)",
            "err": {},
            "isRoot": false,
            "uuid": "e86c24b6-db94-4f7b-b65f-b5faa30724f2",
            "isHook": true,
            "skipped": false
          },
          {
            "title": "\"before each\" hook: Before",
            "fullTitle": "@Entitlements \"before each\" hook: Before",
            "timedOut": false,
            "duration": 4567,
            "pass": false,
            "fail": false,
            "pending": false,
            "code": "I.amOnPage(Navigation.pages.dashboard);\nNavigation.goToEntitlements();",
            "err": {},
            "isRoot": false,
            "uuid": "bea21722-163c-44db-8cca-f0596ff5323d",
            "isHook": true,
            "skipped": false
          }
        ],
        "afterHooks": [
          {
            "title": "\"after all\" hook: AfterSuite",
            "fullTitle": "@Entitlements \"after all\" hook: AfterSuite",
            "timedOut": false,
            "duration": 616,
            "pass": false,
            "fail": false,
            "pending": false,
            "code": "await DB.resetEntitlements();\nI.clearCookies();",
            "err": {},
            "isRoot": false,
            "uuid": "85cd8064-88f5-4b4c-acfc-cb4c46ed6a20",
            "isHook": true,
            "skipped": false
          },
          {
            "title": "\"after all\" hook: codeceptjs.afterSuite",
            "fullTitle": "@Entitlements \"after all\" hook: codeceptjs.afterSuite",
            "timedOut": false,
            "duration": 0,
            "pass": false,
            "fail": false,
            "pending": false,
            "code": "scenario.suiteTeardown(suite)",
            "err": {},
            "isRoot": false,
            "uuid": "e5257d21-335f-4d57-a64f-fe18f3962b93",
            "isHook": true,
            "skipped": false
          },
          {
            "title": "\"after each\" hook: finalize codeceptjs",
            "fullTitle": "@Entitlements \"after each\" hook: finalize codeceptjs",
            "timedOut": false,
            "duration": 506,
            "pass": false,
            "fail": false,
            "pending": false,
            "code": "scenario.teardown(suite)",
            "err": {},
            "isRoot": false,
            "uuid": "52b54fc0-9e25-4577-9ebc-ce2ac54e5801",
            "isHook": true,
            "skipped": false
          }
        ],
        "tests": [
          {
            "title": "Able to navigate between tabs",
            "fullTitle": "@Entitlements: Able to navigate between tabs",
            "timedOut": false,
            "duration": 1684,
            "state": "passed",
            "speed": "slow",
            "pass": true,
            "fail": false,
            "pending": false,
            "code": "// See tabs:\nI.waitForElement(Entitlements.tabs.groupRules);\nI.waitForElement(Entitlements.tabs.individualCrewmembers);\n// Click to second tab and check that it became visible:\nEntitlements.navigateToTab(Entitlements.tabs.individualCrewmembers);\n// Click back on the initial tab and check that it's visible again:\nEntitlements.navigateToTab(Entitlements.tabs.groupRules);",
            "err": {},
            "isRoot": false,
            "uuid": "b498c1b1-de2f-4679-8b8e-ddf14f8b7537",
            "isHook": false,
            "skipped": false
          },
          {
            "title": "Able to navigate back and forth between Group Rules pages",
            "fullTitle": "@Entitlements: Able to navigate back and forth between Group Rules pages",
            "timedOut": false,
            "duration": 1272,
            "state": "passed",
            "speed": "slow",
            "pass": true,
            "fail": false,
            "pending": false,
            "code": "I.waitForElement(Entitlements.table.pagination.paginator);\n// Check that prev button is disabled and next is enabled and the first page range is showing:\nI.seeElement(Entitlements.table.pagination.prevPageButtonDisabled);\nI.seeElement(Entitlements.table.pagination.nextPageButtonEnabled);\nI.see(\n  Entitlements.table.pagination.firstPageInterval,\n  Entitlements.table.pagination.pageRange\n);\n// Click the next button, wait for loader to disappear and check that the second range is showing:\nI.click(Entitlements.table.pagination.nextPageButtonEnabled);\nI.waitForInvisible(Entitlements.table.loader);\nI.see(\n  Entitlements.table.pagination.secondPageInterval,\n  Entitlements.table.pagination.pageRange\n);\n// Check that prev button is enabled, click it and check that we went back to 1st page:\nI.seeElement(Entitlements.table.pagination.prevPageButtonEnabled);\nI.click(Entitlements.table.pagination.prevPageButtonEnabled);\nI.waitForInvisible(Entitlements.table.loader);\nI.see(\n  Entitlements.table.pagination.firstPageInterval,\n  Entitlements.table.pagination.pageRange\n);",
            "err": {},
            "isRoot": false,
            "uuid": "7b0e8689-80ed-4717-a2fb-975cf5b3f164",
            "isHook": false,
            "skipped": false
          },
          {
            "title": "Able to open and close rule creation modal",
            "fullTitle": "@Entitlements: Able to open and close rule creation modal",
            "timedOut": false,
            "duration": 2487,
            "state": "passed",
            "speed": "slow",
            "pass": true,
            "fail": false,
            "pending": false,
            "code": "Entitlements.openCreateRuleModal();\nEntitlements.dismissGroupRuleModal();",
            "err": {},
            "isRoot": false,
            "uuid": "6467d2ce-5a22-4d6a-8632-e2dd5e2e00c4",
            "isHook": false,
            "skipped": false
          },
          {
            "title": "Unable to create rule without filling all required fields",
            "fullTitle": "@Entitlements: Unable to create rule without filling all required fields",
            "timedOut": false,
            "duration": 2545,
            "state": "passed",
            "speed": "slow",
            "pass": true,
            "fail": false,
            "pending": false,
            "code": "Entitlements.openCreateRuleModal();\nI.seeElement(Modal.enabledConfirmButton);\nI.click(Modal.enabledConfirmButton);\nI.dontSeeElement(Entitlements.modals.groupRule.elements.details);",
            "err": {},
            "isRoot": false,
            "uuid": "6e3d27a9-9864-4770-9839-5f559f1cdb3f",
            "isHook": false,
            "skipped": false
          },
          {
            "title": "Fields that are not filled by default show errors when trying to create a new rule",
            "fullTitle": "@Entitlements: Fields that are not filled by default show errors when trying to create a new rule",
            "timedOut": false,
            "duration": 2507,
            "state": "passed",
            "speed": "slow",
            "pass": true,
            "fail": false,
            "pending": false,
            "code": "Entitlements.openCreateRuleModal();\nI.click(Modal.enabledConfirmButton);\nEntitlements.fieldIsInErrorState(Entitlements.modals.editRule.fields.name);\nEntitlements.fieldIsInErrorState(\n  Entitlements.modals.editRule.fields.alDays\n);\nEntitlements.fieldIsInErrorState(\n  Entitlements.modals.editRule.fields.alOffDays\n);",
            "err": {},
            "isRoot": false,
            "uuid": "7f150d66-b9dd-49ab-9916-df64aa24ccf5",
            "isHook": false,
            "skipped": false
          },
          {
            "title": "Errors are shown in all required fields if not filled",
            "fullTitle": "@Entitlements: Errors are shown in all required fields if not filled",
            "timedOut": false,
            "duration": 12732,
            "state": "passed",
            "speed": "slow",
            "pass": true,
            "fail": false,
            "pending": false,
            "code": "Entitlements.openCreateRuleModal();\nI.click(Modal.enabledConfirmButton);\n// Rule name\nEntitlements.fieldIsInErrorState(Entitlements.modals.editRule.fields.name);\n// Employers\nI.changeMultipleSelectAllOption(\n  Entitlements.modals.editRule.fields.employers\n);\nEntitlements.fieldIsInErrorState(\n  Entitlements.modals.editRule.fields.employers,\n  Entitlements.strings.errorMessage.selection,\n  false\n);\n// Airlines\nI.changeMultipleSelectAllOption(\n  Entitlements.modals.editRule.fields.airlines\n);\nEntitlements.fieldIsInErrorState(\n  Entitlements.modals.editRule.fields.airlines,\n  Entitlements.strings.errorMessage.selection,\n  false\n);\n// Countries\nI.changeMultipleSelectAllOption(\n  Entitlements.modals.editRule.fields.countries\n);\nEntitlements.fieldIsInErrorState(\n  Entitlements.modals.editRule.fields.countries,\n  Entitlements.strings.errorMessage.selection,\n  false\n);\n// Bases\nI.changeMultipleSelectAllOption(Entitlements.modals.editRule.fields.bases);\nEntitlements.fieldIsInErrorState(\n  Entitlements.modals.editRule.fields.bases,\n  Entitlements.strings.errorMessage.selection,\n  false\n);\n// Rank\nI.selectInCheckboxGroup(\n  Entitlements.modals.editRule.fields.ranks,\n  Ranks.FO\n);\nI.selectInCheckboxGroup(\n  Entitlements.modals.editRule.fields.ranks,\n  Ranks.CP\n);\nEntitlements.fieldIsInErrorState(\n  Entitlements.modals.editRule.fields.ranks,\n  Entitlements.strings.errorMessage.selection\n);\n// Contract codes\nI.changeMultipleSelectAllOption(\n  Entitlements.modals.editRule.fields.contractCodes\n);\nEntitlements.fieldIsInErrorState(\n  Entitlements.modals.editRule.fields.contractCodes,\n  Entitlements.strings.errorMessage.selection,\n  false\n);\n// Duration\nI.click(Entitlements.modals.editRule.fields.durationRadioRange);\nEntitlements.fieldIsInErrorState(\n  Entitlements.modals.editRule.fields.durationRange,\n  Entitlements.strings.errorMessage.fieldRequired,\n  false\n);\n// ALDays\nEntitlements.fieldIsInErrorState(\n  Entitlements.modals.editRule.fields.alDays\n);\n// ALOffDays\nEntitlements.fieldIsInErrorState(\n  Entitlements.modals.editRule.fields.alOffDays\n);",
            "err": {},
            "isRoot": false,
            "uuid": "c0f83400-144b-4c2c-b9bf-2ad2dcd93b40",
            "isHook": false,
            "skipped": false
          },
          {
            "title": "Able to advance from form to details state if required fields are filled",
            "fullTitle": "@Entitlements: Able to advance from form to details state if required fields are filled",
            "timedOut": false,
            "duration": 20036,
            "state": "passed",
            "speed": "slow",
            "pass": true,
            "fail": false,
            "pending": false,
            "code": "Entitlements.openCreateRuleModal();\n// Rule name:\nI.fillField(\n  Entitlements.modals.editRule.fields.nameInput,\n  Entitlements.strings.ruleName\n);\n// Employers:\nI.changeMultipleSelectOption(\n  Entitlements.modals.editRule.fields.employers,\n  Employers.EmployerA\n);\n// Airline:\nI.changeMultipleSelectOption(\n  Entitlements.modals.editRule.fields.airlines,\n  AirlineLabel.FR\n);\n// Country:\nI.changeMultipleSelectOption(\n  Entitlements.modals.editRule.fields.countries,\n  Countries.BRA\n);\n// Bases:\nI.changeMultipleSelectOption(\n  Entitlements.modals.editRule.fields.bases,\n  Bases.AGP\n);\n// Rank:\nI.selectInCheckboxGroup(\n  Entitlements.modals.editRule.fields.ranks,\n  Ranks.FO\n);\n// Contract code:\nI.changeMultipleSelectOption(\n  Entitlements.modals.editRule.fields.contractCodes,\n  ContractCodes.CodeA\n);\n// Permanent date:\nawait I.setDate(\n  Dates.raw.tomorrow,\n  Entitlements.modals.editRule.fields.durationPermanentInput\n);\n// Date range:\nI.click(Entitlements.modals.editRule.fields.durationRadioRange);\nawait I.setDate(\n  Dates.raw.today,\n  Entitlements.modals.editRule.fields.durationRangeInputFrom\n);\nawait I.setDate(\n  Dates.raw.tomorrow,\n  Entitlements.modals.editRule.fields.durationRangeInputTo\n);\n// Working time:\nI.switchSelectOption(\n  Entitlements.modals.editRule.fields.workingTime,\n  WorkingTime.PART_TIME\n);\n// AL Duration:\nI.fillField(\n  Entitlements.modals.editRule.fields.alDaysInput,\n  Entitlements.strings.alDuration\n);\nI.fillField(\n  Entitlements.modals.editRule.fields.alOffDaysInput,\n  Entitlements.strings.alDuration\n);\n// Click button and check the details for the values:\nI.click(Modal.enabledConfirmButton);\n// Rule name:\nI.see(\n  Entitlements.strings.ruleName,\n  Entitlements.modals.ruleDetails.fields.ruleName\n);\n// Employers:\nI.dontSee(\n  Employers.EmployerA,\n  Entitlements.modals.ruleDetails.fields.employers\n);\n// Airlines:\nI.dontSee(AirlineLabel.FR, Entitlements.modals.ruleDetails.fields.airlines);\n// Countries:\nI.dontSee(Countries.BRA, Entitlements.modals.ruleDetails.fields.countries);\n// Bases:\nI.dontSee(Bases.AGP, Entitlements.modals.ruleDetails.fields.bases);\n// Ranks:\nI.dontSee(Ranks.FO, Entitlements.modals.ruleDetails.fields.ranks);\n// Contract code:\nI.dontSee(\n  ContractCodes.CodeA,\n  Entitlements.modals.ruleDetails.fields.contractCodes\n);\n// Dates:\nI.see(\n  Dates.formatted.today,\n  Entitlements.modals.ruleDetails.fields.duration\n);\nI.see(\n  Dates.formatted.tomorrow,\n  Entitlements.modals.ruleDetails.fields.duration\n);\n// Working time:\nI.see(\n  WorkingTime.PART_TIME,\n  Entitlements.modals.ruleDetails.fields.workingTime\n);\n// AL Duration:\nI.see(\n  Entitlements.strings.alDuration,\n  Entitlements.modals.ruleDetails.fields.alDays\n);\nI.see(\n  Entitlements.strings.alDuration,\n  Entitlements.modals.ruleDetails.fields.alOffDays\n);",
            "err": {},
            "isRoot": false,
            "uuid": "63c74efb-ca5f-42a9-8a67-78ec3f84a11b",
            "isHook": false,
            "skipped": false
          },
          {
            "title": "Error is shown if input is cleared after typing a value and removing it",
            "fullTitle": "@Entitlements: Error is shown if input is cleared after typing a value and removing it",
            "timedOut": false,
            "duration": 6784,
            "state": "passed",
            "speed": "slow",
            "pass": true,
            "fail": false,
            "pending": false,
            "code": "Entitlements.openCreateRuleModal();\nI.fillField(\n  Entitlements.modals.editRule.fields.nameInput,\n  Entitlements.strings.ruleName\n);\nI.clearControlledField(Entitlements.modals.editRule.fields.nameInput);\nI.fillField(\n  Entitlements.modals.editRule.fields.alDaysInput,\n  Entitlements.strings.alDuration\n);\nI.fillField(\n  Entitlements.modals.editRule.fields.alOffDaysInput,\n  Entitlements.strings.alDuration\n);\nI.click(Modal.enabledConfirmButton);\nEntitlements.fieldIsInErrorState(Entitlements.modals.editRule.fields.name);",
            "err": {},
            "isRoot": false,
            "uuid": "3353af53-d915-48e0-bb9f-f2eb6fc839f8",
            "isHook": false,
            "skipped": false
          },
          {
            "title": "Able to view Group Rule details and navigate to edit form",
            "fullTitle": "@Entitlements: Able to view Group Rule details and navigate to edit form",
            "timedOut": false,
            "duration": 1451,
            "state": "passed",
            "speed": "slow",
            "pass": true,
            "fail": false,
            "pending": false,
            "code": "await Entitlements.openViewRuleModal();\nI.click(Entitlements.modals.groupRule.buttons.editRule);\nI.seeElement(Entitlements.modals.groupRule.elements.form);",
            "err": {},
            "isRoot": false,
            "uuid": "2485013f-d152-4b4a-b322-c58954693a8d",
            "isHook": false,
            "skipped": false
          },
          {
            "title": "Update rule button is disabled by default and reverts back to disabled if initial data is also reverted",
            "fullTitle": "@Entitlements: Update rule button is disabled by default and reverts back to disabled if initial data is also reverted",
            "timedOut": false,
            "duration": 4153,
            "state": "passed",
            "speed": "slow",
            "pass": true,
            "fail": false,
            "pending": false,
            "code": "await Entitlements.openEditRuleModal();\n// Check button is disabled:\nI.seeElement(Modal.disabledConfirmButton);\n// Edit rule name and check that button is now enabled:\nconst ruleName = await I.grabValueFrom(\n  Entitlements.modals.editRule.fields.nameInput\n);\nconst editedRuleName = Entitlements.getEditedRuleName(ruleName);\nI.fillField(Entitlements.modals.editRule.fields.nameInput, editedRuleName);\nI.seeElement(Modal.enabledConfirmButton);\n// Revert the change and check the button is disabled again:\nI.fillField(Entitlements.modals.editRule.fields.nameInput, ruleName);\nI.seeElement(Modal.disabledConfirmButton);",
            "err": {},
            "isRoot": false,
            "uuid": "e6635572-458a-45ad-9b60-6432ec5b3775",
            "isHook": false,
            "skipped": false
          },
          {
            "title": "Able to navigate between Edit and Summary group rule modal states and see the edited details in both",
            "fullTitle": "@Entitlements: Able to navigate between Edit and Summary group rule modal states and see the edited details in both",
            "timedOut": false,
            "duration": 4410,
            "state": "passed",
            "speed": "slow",
            "pass": true,
            "fail": false,
            "pending": false,
            "code": "await Entitlements.openEditRuleModal();\n// Edit the rule name:\nconst ruleName = await I.grabValueFrom(\n  Entitlements.modals.editRule.fields.nameInput\n);\nconst editedRuleName = Entitlements.getEditedRuleName(ruleName);\nI.fillField(Entitlements.modals.editRule.fields.nameInput, editedRuleName);\n// Navigate forward and check that the name displayed is the edited one:\nI.click(Modal.confirmButton);\nI.see(editedRuleName, Entitlements.modals.groupRule.elements.details);\n// Navigate back and check that we still have the edited value in the form:\nI.click(Modal.cancelButton);\nI.seeInField(Entitlements.modals.editRule.fields.nameInput, editedRuleName);\n// Able to navigate forward once again without making further changes:\nI.click(Modal.confirmButton);\nI.seeElement(Entitlements.modals.groupRule.elements.details);",
            "err": {},
            "isRoot": false,
            "uuid": "d38a4601-6891-4bec-bbce-0c3a7e104a13",
            "isHook": false,
            "skipped": false
          },
          {
            "title": "Able to save an edited rule and see the edited info in the table",
            "fullTitle": "@Entitlements: Able to save an edited rule and see the edited info in the table",
            "timedOut": false,
            "duration": 26794,
            "state": "passed",
            "speed": "slow",
            "pass": true,
            "fail": false,
            "pending": false,
            "code": "// We click the first rule and open the editing modal\nawait Entitlements.openEditRuleModal();\n// Edit the rule name:\nconst ruleName = await I.grabValueFrom(\n  Entitlements.modals.editRule.fields.nameInput\n);\nconst editedRuleName = Entitlements.getEditedRuleName(ruleName);\nI.fillField(Entitlements.modals.editRule.fields.nameInput, editedRuleName);\n// Edit the Employer\nawait I.toggleSelectAllAndSelectOption(\n  Entitlements.modals.editRule.fields.employers,\n  false,\n  Employers.EmployerA\n);\n// Edit the Airline\nawait I.toggleSelectAllAndSelectOption(\n  Entitlements.modals.editRule.fields.airlines,\n  false,\n  AirlineLabel.FR\n);\n// Edit the Countries\nawait I.toggleSelectAllAndSelectOption(\n  Entitlements.modals.editRule.fields.countries,\n  false,\n  Countries.BRA\n);\n// Edit the Bases\nawait I.toggleSelectAllAndSelectOption(\n  Entitlements.modals.editRule.fields.bases,\n  false,\n  Bases.GRO\n);\n// Edit the Ranks\nI.selectInCheckboxGroup(\n  Entitlements.modals.editRule.fields.ranks,\n  Ranks.CP\n);\n// Edit the Contract Codes\nawait I.toggleSelectAllAndSelectOption(\n  Entitlements.modals.editRule.fields.contractCodes,\n  false,\n  ContractCodes.CodeA\n);\n// Edit the Working Time\nI.switchSelectOption(\n  Entitlements.modals.editRule.fields.workingTime,\n  WorkingTime.PART_TIME\n);\n// Set the date duration\nI.click(Entitlements.modals.editRule.fields.durationRadioRange);\nawait I.setDate(\n  Dates.raw.sixYearsAgo,\n  Entitlements.modals.editRule.fields.durationRangeInputFrom\n);\nawait I.setDate(\n  Dates.raw.sixYearsAgo,\n  Entitlements.modals.editRule.fields.durationRangeInputTo\n);\n// A/L days:\nI.fillField(\n  Entitlements.modals.editRule.fields.alDaysInput,\n  Entitlements.strings.alDays.substr(0, 1)\n);\n// A/L(OFF) days:\nI.fillField(\n  Entitlements.modals.editRule.fields.alOffDaysInput,\n  Entitlements.strings.alOffDays.substr(0, 1)\n);\n// Navigate forward and check that the name displayed is the edited one:\nI.click(Modal.confirmButton);\nI.see(editedRuleName, Entitlements.modals.groupRule.elements.details);\n// Confirm edition\nI.click(Modal.confirmButton);\n// Check that the success toast is shown\nI.waitForElement(Entitlements.elements.successToast);\n// Check if the edited information is in the table:\n// Rule Name\nI.see(editedRuleName, Entitlements.table.row);\n// Employer\nI.see(Employers.EmployerA, Entitlements.table.row);\n// Airline\nI.see(AirlineLabel.FR, Entitlements.table.row);\n// Countries\nI.see(Countries.BRA, Entitlements.table.row);\n// Bases\nI.see(Bases.GRO, Entitlements.table.row);\n// Contract Codes\nI.see(ContractCodes.CodeA, Entitlements.table.row);\n// Working Time\nI.see(WorkingTime.PART_TIME, Entitlements.table.row);",
            "err": {},
            "isRoot": false,
            "uuid": "72d6344a-4536-4c3c-a84b-6c9248264255",
            "isHook": false,
            "skipped": false
          },
          {
            "title": "Able to create a new rule",
            "fullTitle": "@Entitlements: Able to create a new rule",
            "timedOut": false,
            "duration": 12877,
            "state": "passed",
            "speed": "slow",
            "pass": true,
            "fail": false,
            "pending": false,
            "code": "// We try to create a new rule:\nawait Entitlements.createRule();\n// We see the success toast and wait for the modal to go away:\nI.waitForElement(Entitlements.elements.successToast);\nI.waitForInvisible(Entitlements.modals.groupRule.elements.container);\n// Then we check that the rule is in the table and it's highlighted as new:\nI.see(Entitlements.strings.ruleName, Entitlements.table.row);\nI.seeElement(Entitlements.table.newRow);",
            "err": {},
            "isRoot": false,
            "uuid": "e94bc840-69b5-471d-bd16-bbcd33f287d0",
            "isHook": false,
            "skipped": false
          },
          {
            "title": "Clicking the cancel button closes the confirmation modal without deleting the rule",
            "fullTitle": "@Entitlements: Clicking the cancel button closes the confirmation modal without deleting the rule",
            "timedOut": false,
            "duration": 2072,
            "state": "passed",
            "speed": "slow",
            "pass": true,
            "fail": false,
            "pending": false,
            "code": "I.waitForElement(Entitlements.table.columns.name);\nconst ruleName = await I.grabTextFrom(Entitlements.table.columns.name);\nawait Entitlements.openDeleteRuleModal(ruleName[0]);\nI.click(Entitlements.modals.deleteRule.cancelButton);\nI.waitForInvisible(Entitlements.modals.deleteRule.container);\nI.see(ruleName[0], Entitlements.table.row);",
            "err": {},
            "isRoot": false,
            "uuid": "4f5beeb4-f637-4d95-ad1f-a41fd490872b",
            "isHook": false,
            "skipped": false
          },
          {
            "title": "Clicking the delete button closes the confirmation modal and deletes the rule",
            "fullTitle": "@Entitlements: Clicking the delete button closes the confirmation modal and deletes the rule",
            "timedOut": false,
            "duration": 1210,
            "state": "passed",
            "speed": "slow",
            "pass": true,
            "fail": false,
            "pending": false,
            "code": "I.waitForElement(Entitlements.table.columns.name);\nconst ruleName = await I.grabTextFrom(Entitlements.table.columns.name);\nawait Entitlements.openDeleteRuleModal(ruleName[0]);\nI.click(Entitlements.modals.deleteRule.confirmButton);\nI.waitForElement(Entitlements.elements.successToast);\nI.dontSee(ruleName[0], Entitlements.table.row);",
            "err": {},
            "isRoot": false,
            "uuid": "d6703a05-7be8-402c-a421-b3063587e15b",
            "isHook": false,
            "skipped": false
          },
          {
            "title": "Saving a conflicting edit should open the conflict modal and add it to the list with draft label",
            "fullTitle": "@Entitlements: Saving a conflicting edit should open the conflict modal and add it to the list with draft label",
            "timedOut": false,
            "duration": 7906,
            "state": "passed",
            "speed": "slow",
            "pass": true,
            "fail": false,
            "pending": false,
            "code": "await Entitlements.openConflictingRuleModal();\n// Click the save draft button\nI.click(Entitlements.modals.conflictingRules.buttons.saveDraft);\nI.waitForInvisible(Entitlements.modals.conflictingRules.container);\n// Check if there's a \"draft\" label present\nI.see(Entitlements.strings.draft, Entitlements.table.row);",
            "err": {},
            "isRoot": false,
            "uuid": "aef3e454-4af0-4040-a2be-72d9f4b6c01e",
            "isHook": false,
            "skipped": false
          },
          {
            "title": "Should ask for confirmation if trying to discard the draft and close the modal after confirmation",
            "fullTitle": "@Entitlements: Should ask for confirmation if trying to discard the draft and close the modal after confirmation",
            "timedOut": false,
            "duration": 9087,
            "state": "passed",
            "speed": "slow",
            "pass": true,
            "fail": false,
            "pending": false,
            "code": "await Entitlements.openConflictingRuleModal();\n// See the correct popup text and see that nothing happens on dismissal:\nawait I.cancelPopupWithText(ConfirmationMessages.DISCARD_RULE, () => {\n  I.click(Entitlements.modals.conflictingRules.buttons.discardRule);\n});\n// Confirm discard and check that the modal is closed:\nawait I.acceptPopupWithText(ConfirmationMessages.DISCARD_RULE, () => {\n  I.click(Entitlements.modals.conflictingRules.buttons.discardRule);\n});\nI.waitForInvisible(Entitlements.modals.conflictingRules.container);\nI.dontSee(Entitlements.strings.draft, Entitlements.table.row);",
            "err": {},
            "isRoot": false,
            "uuid": "5a21c0bf-b099-4e85-ac2b-9d1f071178fd",
            "isHook": false,
            "skipped": false
          },
          {
            "title": "Should open the edit modal if clicking the \"Back to Edit\" button",
            "fullTitle": "@Entitlements: Should open the edit modal if clicking the \"Back to Edit\" button",
            "timedOut": false,
            "duration": 10098,
            "state": "passed",
            "speed": "slow",
            "pass": true,
            "fail": false,
            "pending": false,
            "code": "await Entitlements.openConflictingRuleModal();\nI.wait(Entitlements.viewPaintDelay);\nI.click(Entitlements.modals.conflictingRules.buttons.backToEdit);\nI.wait(Entitlements.viewPaintDelay);\nI.seeModal(\n  Entitlements.modals.groupRule.elements.container,\n  Entitlements.modals.editRule.title\n);",
            "err": {},
            "isRoot": false,
            "uuid": "c03e155a-1a6c-4934-aae3-e8bba45ab73d",
            "isHook": false,
            "skipped": false
          },
          {
            "title": "Editing a draft should display the draft label and are able to save after fixing the conflict",
            "fullTitle": "@Entitlements: Editing a draft should display the draft label and are able to save after fixing the conflict",
            "timedOut": false,
            "duration": 15971,
            "state": "passed",
            "speed": "slow",
            "pass": true,
            "fail": false,
            "pending": false,
            "code": "// Open the rule editing modal:\nawait Entitlements.openConflictingRuleModal();\n// Click the save draft button:\nI.click(Entitlements.modals.conflictingRules.buttons.saveDraft);\nI.waitForInvisible(Entitlements.modals.conflictingRules.container);\n// Open the draft to be edited:\nawait Entitlements.openEditRuleModal(true);\n// Check if the draft label is displayed in the modal:\nI.seeElement(\n  Entitlements.elements.draftBadge,\n  Entitlements.modals.conflictingRules.container\n);\n// Alter the date so it doesn't conflict anymore:\nI.click(Entitlements.modals.editRule.fields.durationRadioRange);\nawait I.setDate(\n  Dates.raw.fourYearsAgo,\n  Entitlements.modals.editRule.fields.durationRangeInputFrom\n);\nawait I.setDate(\n  Dates.raw.fourYearsAgo,\n  Entitlements.modals.editRule.fields.durationRangeInputTo\n);\n// Save the changes:\nI.click(Modal.confirmButton);\nI.seeElement(Entitlements.modals.groupRule.elements.details);\nI.click(Modal.confirmButton);\n// Check for success toast:\nI.waitForElement(Entitlements.elements.successToast);",
            "err": {},
            "isRoot": false,
            "uuid": "7e973ac4-1b51-43f3-88c1-f90069e7f047",
            "isHook": false,
            "skipped": false
          },
          {
            "title": "Should overwrite the draft after confirmation",
            "fullTitle": "@Entitlements: Should overwrite the draft after confirmation",
            "timedOut": false,
            "duration": 12786,
            "state": "passed",
            "speed": "slow",
            "pass": true,
            "fail": false,
            "pending": false,
            "code": "// Open the rule editing modal:\nawait Entitlements.openConflictingRuleModal();\n// Click the save draft button:\nI.click(Entitlements.modals.conflictingRules.buttons.saveDraft);\nI.waitForInvisible(Entitlements.modals.conflictingRules.container);\n// Open the draft to be edited:\nawait Entitlements.openEditRuleModal(true);\n// Change the title and save:\nI.fillField(\n  Entitlements.modals.editRule.fields.nameInput,\n  Entitlements.strings.ruleName\n);\nI.click(Modal.confirmButton);\nI.seeElement(Entitlements.modals.groupRule.elements.details);\nI.click(Modal.confirmButton);\nI.waitForElement(Entitlements.modals.conflictingRules.container);\n// See and accept popup with overwrite draft text:\nawait I.acceptPopupWithText(ConfirmationMessages.SAVE_DRAFT, () => {\n  I.click(Entitlements.modals.conflictingRules.buttons.saveDraft);\n});\nI.waitForInvisible(Entitlements.modals.conflictingRules.container);",
            "err": {},
            "isRoot": false,
            "uuid": "ab585b39-35c0-4fef-83e0-813892f4f493",
            "isHook": false,
            "skipped": false
          },
          {
            "title": "Dismissing edit by clicking outside clears the modal data",
            "fullTitle": "@Entitlements: Dismissing edit by clicking outside clears the modal data",
            "timedOut": false,
            "duration": 2437,
            "state": "passed",
            "speed": "slow",
            "pass": true,
            "fail": false,
            "pending": false,
            "code": "// Opens the edit rule modal and get the name of the rule from the form:\nawait Entitlements.openEditRuleModal();\nconst ruleName = await I.grabValueFrom(\n  Entitlements.modals.editRule.fields.nameInput\n);\n// Close the modal by clicking outside:\nI.click(Entitlements.elements.header);\nI.waitForInvisible(Entitlements.modals.groupRule.elements.container);\n// Open 'create' form and check that the rule name doesn't show in the form:\nI.click(Entitlements.buttons.createRule);\nI.dontSee(ruleName, Entitlements.modals.editRule.fields.name);",
            "err": {},
            "isRoot": false,
            "uuid": "94e01b1b-aaa3-45e4-8bb6-3512cdc30ac2",
            "isHook": false,
            "skipped": false
          },
          {
            "title": "Not able to create rule if not admin",
            "fullTitle": "@Entitlements: Not able to create rule if not admin",
            "timedOut": false,
            "duration": 18108,
            "state": "passed",
            "speed": "slow",
            "pass": true,
            "fail": false,
            "pending": false,
            "code": "I.waitForElement(Entitlements.buttons.createRule);\nI.logout();\nI.loginWithCookie(await I.getAuthCookie(undefined, false));\nI.amOnPage(Navigation.pages.dashboard);\nNavigation.goToEntitlements();\nI.dontSeeElement(Entitlements.buttons.createRule);\nI.logout();\nI.loginWithCookie(await I.getAuthCookie());",
            "err": {},
            "isRoot": false,
            "uuid": "ebfaaa45-9853-4cfb-b073-3d135c1fee68",
            "isHook": false,
            "skipped": false
          }
        ],
        "suites": [],
        "passes": [
          "b498c1b1-de2f-4679-8b8e-ddf14f8b7537",
          "7b0e8689-80ed-4717-a2fb-975cf5b3f164",
          "6467d2ce-5a22-4d6a-8632-e2dd5e2e00c4",
          "6e3d27a9-9864-4770-9839-5f559f1cdb3f",
          "7f150d66-b9dd-49ab-9916-df64aa24ccf5",
          "c0f83400-144b-4c2c-b9bf-2ad2dcd93b40",
          "63c74efb-ca5f-42a9-8a67-78ec3f84a11b",
          "3353af53-d915-48e0-bb9f-f2eb6fc839f8",
          "2485013f-d152-4b4a-b322-c58954693a8d",
          "e6635572-458a-45ad-9b60-6432ec5b3775",
          "d38a4601-6891-4bec-bbce-0c3a7e104a13",
          "72d6344a-4536-4c3c-a84b-6c9248264255",
          "e94bc840-69b5-471d-bd16-bbcd33f287d0",
          "4f5beeb4-f637-4d95-ad1f-a41fd490872b",
          "d6703a05-7be8-402c-a421-b3063587e15b",
          "aef3e454-4af0-4040-a2be-72d9f4b6c01e",
          "5a21c0bf-b099-4e85-ac2b-9d1f071178fd",
          "c03e155a-1a6c-4934-aae3-e8bba45ab73d",
          "7e973ac4-1b51-43f3-88c1-f90069e7f047",
          "ab585b39-35c0-4fef-83e0-813892f4f493",
          "94e01b1b-aaa3-45e4-8bb6-3512cdc30ac2",
          "ebfaaa45-9853-4cfb-b073-3d135c1fee68"
        ],
        "failures": [],
        "pending": [],
        "skipped": [],
        "duration": 179407,
        "root": false,
        "rootEmpty": false,
        "_timeout": 0
      }
    ],
    "passes": [],
    "failures": [],
    "pending": [],
    "skipped": [],
    "duration": 0,
    "root": true,
    "rootEmpty": true,
    "_timeout": 0
  },
  "copyrightYear": 2021
}